id,doi,title,authors,year,journal,source_db,stream,title_abstract_decision,reason,full_text_decision,notes
CON-S1-01,,An internalization perspective on subsidiaries' reputation and its impact on subsidiaries' marketing advantage: The moderating roles of resources and autonomy,Peter Buckley et al.,2024,Journal of Business Research,consensus,S1,include,incl (a): subsidiary autonomy within differentiated network,pending,Consensus URL: https://consensus.app/papers/details/4007d7faaa8a57278740c03d91aed407/?utm_source=claude_desktop. Consensus returned no DOI.
CON-S1-02,10.1002/smj.4250100403,Internal differentiation within multinational corporations,S. Ghoshal and N. Nohria,1989,Strategic Management Journal,consensus+seed,S1,seed,seed (protocol): Ghoshal & Nohria 1989,pending,Outlet verified as Strategic Management Journal 10(4) 323-337 via WebSearch (Wiley page); Consensus reports 'Southern Medical Journal' (SMJ abbreviation collision). DOI taken from Wiley URL. Consensus URL: https://consensus.app/papers/details/1d3f81fd42405a23b7ce4778a850393c/?utm_source=claude_desktop. DOI from source cited in note; Crossref check pending.
CON-S1-03,,of Functions,J. van Oosten,N/A,Unknown Journal,consensus,S1,unsure,"metadata unusable: truncated title, no year or outlet",pending,Abstract: case of Agilent Italian subsidiary role change. Resolve source before screening; possibly non-scholarly (thesis or working paper). Consensus URL: https://consensus.app/papers/details/79f3885fcb4f5f2ca203dba986585e87/?utm_source=claude_desktop. Consensus returned no DOI.
CON-S1-04,,Organizing for knowledge flows within MNCs,Anil K. Gupta et al.,1994,International Business Review,consensus,S1,include,incl (a): differentiated roles and systems by subsidiary,pending,Consensus URL: https://consensus.app/papers/details/01aea62f466750cb91594bd86620fbd3/?utm_source=claude_desktop. Consensus returned no DOI.
CON-S1-05,,Network effect and subsidiary autonomy in multinational corporations: An investigation of Taiwanese subsidiaries,Yu-Ching Chiao et al.,2013,International Business Review,consensus,S1,include,incl (a): determinants of unit-level autonomy (peripheral),pending,"Subsidiary-level autonomy only, no function or level split; Taiwanese sample. Consensus URL: https://consensus.app/papers/details/aef38465126b55e3a6ae974bb4617d8d/?utm_source=claude_desktop. Consensus returned no DOI."
CON-S1-06,,Integration in the Multinational Corporation : The problem of Subsidiary Embeddedness,Ulf R. Andersson et al.,2018,Unknown Journal,consensus,S1,unsure,outlet unknown; abstract is introductory text,pending,Integration and subsidiary embeddedness; chapter or thesis? Resolve outlet. Consensus URL: https://consensus.app/papers/details/bc708a6277cc58f89075f2642b649b2b/?utm_source=claude_desktop. Consensus returned no DOI.
CON-S1-07,,The strategic impact of external networks: Subsidiary performance and competence development in the multinational corporation,Ulf R. Andersson et al.,2002,Strategic Management Journal,consensus,S1,exclude,A_level,,Subsidiary performance and competence development as a whole; external networks; no integration/control/staffing focus. Consensus URL: https://consensus.app/papers/details/c8c0c86e24505acfa09a5ae5cc15bd20/?utm_source=claude_desktop. Consensus returned no DOI.
CON-S1-08,,Configurations of Strategy and Structure in Subsidiaries of Multinational Corporations,J. Birkinshaw et al.,1995,Journal of International Business Studies,consensus,S1,include,"incl (a): subsidiary role typology, autonomy, value-chain configuration",pending,Consensus URL: https://consensus.app/papers/details/97d5c2dc0ea75138a07dd0bf783c8a07/?utm_source=claude_desktop. Consensus returned no DOI.
CON-S1-09,,Multinational Enterprise Organizational Structures and Subsidiary Role and Capability Development: The Moderating Role of Establishment Mode,M. Raziq et al.,2021,Group & Organization Management,consensus,S1,include,"incl (a): MNE structure configurations, subsidiary autonomy",pending,Consensus URL: https://consensus.app/papers/details/a7ca3716d65e5e2bbabe132caa6aa2d1/?utm_source=claude_desktop. Consensus returned no DOI.
CON-S1-10,,Intermediate units in multinational corporations: A resource dependency view on coordinative versus entrepreneurial roles,José Pla-Barber et al.,2021,International Business Review,consensus,S1,include,"incl (a): intermediate hierarchical units, autonomy and coordination",pending,Consensus URL: https://consensus.app/papers/details/0740407eda275f4cb50f4d3d67fa79be/?utm_source=claude_desktop. Consensus returned no DOI.
CON-S2-01,,Exploring the configuration of international HRM strategies for global integration and local responsiveness in MNEs,Chul Chung et al.,2024,The International Journal of Human Resource Management,consensus,S2,include,incl (a): HRM function integration vs responsiveness configuration,pending,Consensus URL: https://consensus.app/papers/details/a586dca43bd35e7cafb43e6b441cb4d0/?utm_source=claude_desktop. Consensus returned no DOI.
CON-S2-02,,Global Integration vs. Local Responsiveness: Managing Strategic Dilemmas in Multinational Corporations,P. K. Jain,2024,Journal of Advanced Management Studies,consensus,S2,exclude,A_level,,"MNC-wide strategic dilemma, no internal differentiation; journal quality unclear (not excluded on that ground). Consensus URL: https://consensus.app/papers/details/ac2e109729695720b103d5d05135c5c0/?utm_source=claude_desktop. Consensus returned no DOI."
CON-S2-03,,Drivers of Global CSR Integration and Local CSR Responsiveness: Evidence from Chinese MNEs,C. Miska et al.,2016,Business Ethics Quarterly,consensus,S2,exclude,A_level,,Firm-level CSR integration and responsiveness (fsQCA of 29 firms); no unit differentiation. Consensus URL: https://consensus.app/papers/details/c74a9401e8c15af19a7ad8e271209c1f/?utm_source=claude_desktop. Consensus returned no DOI.
CON-S2-04,,Balancing Global Synergies and Local Responsiveness,B. Schlegelmilch,2022,Management for Professionals,consensus,S2,unsure,book chapter on marketing integration vs local autonomy,pending,Function-level (marketing) but textbook-style chapter; decide at full text. Consensus URL: https://consensus.app/papers/details/e997d456ac2e500095e99ccde3c7eb46/?utm_source=claude_desktop. Consensus returned no DOI.
CON-S2-05,,A New Perspective on the Integration-Responsiveness Pressures Confronting Multinational Firms,G. Verlag et al.,2004,Management International Review,consensus,S2,include,incl (a): IR pressures on businesses and functions in MNEs,pending,"Consensus author field 'G. Verlag et al.' is a publisher name (Gabler Verlag), not an author; true authors unresolved. Outlet Management International Review 2004 as returned. Consensus URL: https://consensus.app/papers/details/64a6be3c35d85a8ca2380f4d87eee98b/?utm_source=claude_desktop. Consensus returned no DOI."
CON-S2-06,,Local Context and Global Strategy: Extending the Integration Responsiveness Framework to Subsidiary Strategy,K. Meyer et al.,2014,Global Strategy Journal,consensus,S2,include,incl (a): IR extended to subsidiary-level strategy heterogeneity,pending,Consensus URL: https://consensus.app/papers/details/4f5070392c42515bb493ab30e8d19c7d/?utm_source=claude_desktop. Consensus returned no DOI.
CON-S2-07,,Global Integration or Local Responsiveness? Insights from the Case of Chinese MNEs in India,Pi-Chi Chen et al.,2020,Unknown Journal,consensus,S2,unsure,"outlet unknown; subsidiary IR choice, two-case comparison",pending,Possibly working paper or proceedings. Consensus URL: https://consensus.app/papers/details/6928a924275b525196143ea558f7a258/?utm_source=claude_desktop. Consensus returned no DOI.
CON-S2-08,,IT governance balancing global integration and local responsiveness for multinational companies,Tzu-Chuan Chou et al.,2017,Total Quality Management & Business Excellence,consensus,S2,exclude,E_offtopic,,IT governance single-case study; I-R only as backdrop. Consensus URL: https://consensus.app/papers/details/e9e1b796afd153f5a908b1852994ece2/?utm_source=claude_desktop. Consensus returned no DOI.
CON-S2-09,,MNCs and Cross-Border Strategic Management,D. Westney,2021,Strategic Management,consensus,S2,include,"incl (a): review of GI/LR, network model, subsidiary management",pending,Handbook chapter; review value for positioning. Consensus URL: https://consensus.app/papers/details/48541c335ede5d498864e7bd598ff228/?utm_source=claude_desktop. Consensus returned no DOI.
CON-S2-10,,"Global integration and local responsiveness in multinational subsidiaries: Some strategy, structure, and human resource contingencies",David M. Brock et al.,2007,Asia Pacific Journal of Human Resources,consensus,S2,include,"incl (a): subsidiary-level organization and HR contingencies, localized vs globalized",pending,Consensus URL: https://consensus.app/papers/details/0ed6bc3fc9c25afabdb8f11b56af7a7b/?utm_source=claude_desktop. Consensus returned no DOI.
CON-S3-01,,Antecedents and Effects of Parent Control in International Joint Ventures,Ai-Min Yan et al.,2001,Journal of Management Studies,consensus,S3,include,incl (b): antecedents and effects of IJV parent control,pending,Consensus URL: https://consensus.app/papers/details/87f71f79125a575c9247d8c9e15b5f14/?utm_source=claude_desktop. Consensus returned no DOI.
CON-S3-02,,Split management control and international joint venture performance,Chang-bum Choi et al.,2004,Journal of International Business Studies,consensus,S3,include,incl (b): split control by activity in IJVs,pending,Consensus URL: https://consensus.app/papers/details/fcdc2bcbac2659688f7aa8912a674088/?utm_source=claude_desktop. Consensus returned no DOI.
CON-S3-03,10.2307/256796,"Bargaining Power, Management Control, and Performance in United States-China Joint Ventures: A Comparative Case Study",Ai-Min Yan and Gray (forename not shown by source),1994,Academy of Management Journal,consensus+seed,S3,seed,seed (protocol): Yan & Gray 1994,pending,"Title truncated and outlet unknown in Consensus. Outlet verified as Academy of Management Journal 37(6) 1478-1517 via WebSearch (AOM page, SCIRP record). DOI 10.2307/256796 as shown in SCIRP record. Consensus URL: https://consensus.app/papers/details/542c9ad6b3505cc2b610ba352589296f/?utm_source=claude_desktop. DOI from source cited in note; Crossref check pending."
CON-S3-04,,A Meta-analysis of Factors Leading to Management Control in International Joint Ventures,Xiao-Yu Liu et al.,2014,Journal of International Management,consensus,S3,include,incl (b): meta-analysis of IJV management control,pending,Consensus URL: https://consensus.app/papers/details/31da2e6c57935cf9b67ab5417e99a306/?utm_source=claude_desktop. Consensus returned no DOI.
CON-S3-05,,Control and Performance in International Joint Ventures,Hans Mjoen et al.,1997,Organization Science,consensus+seed,S3,seed,seed (protocol): Mjoen & Tallman 1997,pending,"Organization Science 8(3) 257-274 per WebSearch; Consensus confirms authors, year, outlet. Consensus URL: https://consensus.app/papers/details/1a0c6e5ec3c05bd4b4d80a4d2343022f/?utm_source=claude_desktop. Consensus returned no DOI."
CON-S3-06,10.1057/palgrave.jibs.8490937,A Dual Parent Perspective on Control and Performance in International Joint Ventures: Lessons From a Developing Economy,"Yadong Luo, Oded Shenkar and Mee-Kau Nyaw",2001,Journal of International Business Studies,consensus+seed,S3,seed,"seed (protocol): Luo, Shenkar & Nyaw 2001",pending,"JIBS 32, 41-58, DOI 10.1057/palgrave.jibs.8490937 per WebSearch (Springer). Consensus lists first author as 'Ya-Dong Luo'; co-authors Shenkar and Nyaw confirmed by WebSearch only. Consensus URL: https://consensus.app/papers/details/78d9ea2b958f58cba3aa99b28c608239/?utm_source=claude_desktop. DOI from source cited in note; Crossref check pending."
CON-S3-07,,The influence of parent control structure on parent conflict in Vietnamese international joint ventures: an organizational justice-based contingency approach,H. Steensma et al.,2005,Journal of International Business Studies,consensus,S3,include,incl (b): parent control structure in IJVs,pending,Consensus URL: https://consensus.app/papers/details/e3019678ac085b8186a60fdc1fb7dcdb/?utm_source=claude_desktop. Consensus returned no DOI.
CON-S3-08,,Control and Performance in International Joint Ventures. A Model Based on Value Activities,Antonia Mohedano-Suanes et al.,N/A,Unknown Journal,consensus,S3,include,incl (b): IJV control structure by value activity,pending,Year and outlet not returned by Consensus; resolve. Consensus URL: https://consensus.app/papers/details/454d397027935844ae14712ebe20651f/?utm_source=claude_desktop. Consensus returned no DOI.
CON-S3-09,,Parent Control And Joint Venture Success: The Case Of Mexico,Jean-Louis Schaan,1983,"Doctoral dissertation, Univ. of Western Ontario",consensus+seed,S3,seed,seed (protocol): Schaan 1983,pending,"Doctoral dissertation (grey literature), Univ. of Western Ontario per WebSearch summary; Consensus describes it as a dissertation on ten Mexican JVs. PI to confirm inclusion as non-journal seed. Consensus URL: https://consensus.app/papers/details/d9528f9ec27a5458a0c6f3bec68037eb/?utm_source=claude_desktop. Consensus returned no DOI."
CON-S3-10,,Parent contribution and organizational control in international joint ventures,Dong Chen et al.,2009,Strategic Management Journal,consensus,S3,include,incl (b): output/process/social control in IJVs,pending,Consensus journal 'Southern Medical Journal' is a collision; WebSearch (Wiley page title) shows Strategic Management Journal 2009. Authors per Consensus 'Dong Chen et al.'. Consensus URL: https://consensus.app/papers/details/ea3c086c38255eef86b9c7b374336f51/?utm_source=claude_desktop. Consensus returned no DOI.
CON-S4-01,,Expatriate staffing in foreign subsidiaries of Japanese multinational corporations in the PRC and the United States,A. Delios et al.,2000,The International Journal of Human Resource Management,consensus,S4,include,"incl (a,b): expatriate staffing as control and knowledge role in JVs",pending,Consensus URL: https://consensus.app/papers/details/b8dc6f06a1b55dc79f69cb4c44b6d00e/?utm_source=claude_desktop. Consensus returned no DOI.
CON-S4-02,,"Multinational Firm Knowledge, use of Expatriates and Foreign Subsidiary Performance",Yulin Fang et al.,2009,Journal of Management Studies,consensus,S4,include,"incl (a): expatriates, knowledge by type, subsidiary level",pending,Consensus URL: https://consensus.app/papers/details/58f826d314d85fa0ba98763b32b142ef/?utm_source=claude_desktop. Consensus returned no DOI.
CON-S4-03,,"The determinants of expatriate staffing by Japanese multinationals in Asia: control, learning and vertical business groups",R. Belderbos et al.,2005,Journal of International Business Studies,consensus,S4,include,"incl (a): expatriate managing director appointment, control and learning",pending,Consensus URL: https://consensus.app/papers/details/36ba264955665af48b4fc0f91d2cd64f/?utm_source=claude_desktop. Consensus returned no DOI.
CON-S4-04,,Knowledge Transfer through Expatriation: The U-Curve Approach to Overseas Staffing,M. Downes et al.,2000,Journal of Managerial Issues,consensus,S4,include,incl (a): expatriation and knowledge transfer over experience (U-curve),pending,Consensus URL: https://consensus.app/papers/details/7ff6532ee54659e29a774f45fec578fc/?utm_source=claude_desktop. Consensus returned no DOI.
CON-S4-05,,Improving subsidiary performance via inpatriate assignments: The role of host country national subsidiary CEOs' social ties and motivational cultural intelligence,Samuel Davies et al.,2023,Journal of World Business,consensus,S4,include,"incl (a): inpatriation, HCN subsidiary CEOs, knowledge transfer",pending,Consensus URL: https://consensus.app/papers/details/28ca6ffe9dbb5db7af9a3340aa24469d/?utm_source=claude_desktop. Consensus returned no DOI.
CON-S4-06,,"Expatriate utilization, subsidiary knowledge creation and performance: The moderating role of subsidiary strategic context",Norifumi Kawai et al.,2019,Journal of World Business,consensus,S4,include,incl (a): expatriate utilization and subsidiary knowledge creation,pending,Performance outcome included but staffing is the focal variable. Consensus URL: https://consensus.app/papers/details/8a1a5cdf42bd524b8f0350ad679c8d43/?utm_source=claude_desktop. Consensus returned no DOI.
CON-S4-07,,The Bridging Role of Expatriates and Inpatriates in Knowledge Transfer in Multinational Corporations,Anne-Wil Harzing et al.,2016,Human Resource Management,consensus,S4,include,"incl (a): expatriates and inpatriates by management function, knowledge transfer",pending,Consensus URL: https://consensus.app/papers/details/acd280b4443a5ff1834c87b4c927a876/?utm_source=claude_desktop. Consensus returned no DOI.
CON-S4-08,,Global staffing and control in emerging multinational corporations and their subsidiaries in developed countries,Parth Patel et al.,2019,Personnel Review,consensus,S4,include,incl (a): staffing as people-centric control in subsidiaries,pending,Consensus URL: https://consensus.app/papers/details/2a00d88fac785170b9709a7e1e7bfc65/?utm_source=claude_desktop. Consensus returned no DOI.
CON-S4-09,,How does successive inpatriation contribute to subsidiary capability building and subsidiary evolution? An organizational knowledge creation perspective,Heejin Kim et al.,2022,Journal of International Business Studies,consensus,S4,include,"incl (a): inpatriation, knowledge transfer, subsidiary evolution",pending,Consensus URL: https://consensus.app/papers/details/7dd09e8820a15e3f8a907e0d4bed1f9e/?utm_source=claude_desktop. Consensus returned no DOI.
CON-S4-10,,"Of bears, bumble-bees, and spiders: the role of expatriates in controlling foreign subsidiaries",Anne-Wil Harzing,2001,Journal of World Business,consensus+seed,S4,seed,seed (protocol): Harzing 2001 (JWB),pending,"Confirmed by Consensus: 'Of bears, bumble-bees, and spiders', Journal of World Business 2001. Distinct from Harzing 2001 'Who's in charge?' (HRM), see CC-S4-01. Consensus URL: https://consensus.app/papers/details/f36143f85e26537093f8ec2b31c545e1/?utm_source=claude_desktop. Consensus returned no DOI."
CON-S5-01,,Caught in the crossfire: Multinational enterprises in the era of geopolitical tensions,Evis Sinani et al.,2026,International Business Review,consensus,S5,include,incl (c): geopolitics and MNE organizational design,pending,"Perspective article, 2026. Consensus URL: https://consensus.app/papers/details/e74f8c3db3695a4cb3ed38ea27b3f624/?utm_source=claude_desktop. Consensus returned no DOI."
CON-S5-02,,Geopolitical risk and foreign subsidiary performance of emerging market multinationals,Xin Li et al.,2024,Journal of Multinational Financial Management,consensus,S5,exclude,B_formation,,"Host-country geopolitical risk and subsidiary performance only (performance outcome, no organization change). Consensus URL: https://consensus.app/papers/details/ee262fd30d4957fb91db689dbcc1a139/?utm_source=claude_desktop. Consensus returned no DOI."
CON-S5-03,,Sociopolitical shocks and global value chains transformation: insights from manufacturing MNEs operating in Russia,Iva Atanassova et al.,2026,Critical Perspectives on International Business,consensus,S5,unsure,GVC recalibration after sanctions; organization of foreign operations unclear,pending,Qualitative content analysis of public sources; decide at full text whether it speaks to organization/staffing of foreign operations. Consensus URL: https://consensus.app/papers/details/0ddd813629bb526d8d153296c49ae2b3/?utm_source=claude_desktop. Consensus returned no DOI.
CON-S5-04,,Strategic Divergence and Localized Clustering: MNE Innovation Restructuring Under Political Tension,Yuqing Tang,2026,Academy of Management Proceedings,consensus,S5,include,"incl (c): political tension restructures innovation organization, HQ vs subsidiary units",pending,Conference proceedings (AOM Proceedings); strongly aligned with differentiation across units. Consensus URL: https://consensus.app/papers/details/37f0dffb6ff2596c84a972f65b9f68bf/?utm_source=claude_desktop. Consensus returned no DOI.
CON-S5-05,,Geopolitical volatility and subsidiary investments,Gilbert Kofi Adarkwah et al.,2024,Strategic Management Journal,consensus,S5,include,incl (c): geopolitical volatility and subsidiary investments incl. employees,pending,Consensus URL: https://consensus.app/papers/details/e86ac39794bb5769b14e25d07fc4b50c/?utm_source=claude_desktop. Consensus returned no DOI.
CON-S5-06,,Geopolitical risk and international business: a multi-disciplinary review and research agenda,Georgios Patsiaouras et al.,2026,Multinational Business Review,consensus,S5,include,incl (c): systematic review of geopolitical risk and IB,pending,Consensus URL: https://consensus.app/papers/details/dd93e7844b39564dad60b772b361dae2/?utm_source=claude_desktop. Consensus returned no DOI.
CON-S5-07,,How do multinational enterprises respond to geopolitics? A review and research agenda,S. Moura et al.,2025,International Journal of Management Reviews,consensus,S5,include,incl (c): review of MNE responses to geopolitics,pending,Consensus URL: https://consensus.app/papers/details/21bc6480c328590c965dd975b91cde80/?utm_source=claude_desktop. Consensus returned no DOI.
CON-S5-08,,International business under sanctions,K. Meyer et al.,2023,Journal of World Business,consensus,S5,include,incl (c): sanctions and firm responses (review),pending,Consensus URL: https://consensus.app/papers/details/19ec434aacb75157a15d637050cf91e0/?utm_source=claude_desktop. Consensus returned no DOI.
CON-S5-09,,Playing Hardball: US Entity List Sanctions and Ownership Strategy of Chinese MNEs,Wei Lei et al.,2025,Academy of Management Proceedings,consensus,S5,include,"incl (c): sanctions, control tightening, WOS vs JV",pending,Conference proceedings (AOM Proceedings); DID design relevant to project. Consensus URL: https://consensus.app/papers/details/2f7c934d757150bd80fc8b7ee298159b/?utm_source=claude_desktop. Consensus returned no DOI.
CON-S5-10,,Adjustment strategies for firms affected by international sanctions,Omid Aliasghar et al.,2023,Multinational Business Review,consensus,S5,unsure,"commentary, 16 interviews on adjustment strategies; organizational content unclear",pending,Decide at full text. Consensus URL: https://consensus.app/papers/details/302f97e9de925256bb36071bbd34f672/?utm_source=claude_desktop. Consensus returned no DOI.
CON-S6-01,,Global labor flow network reveals the hierarchical organization and dynamics of geo-industrial clusters,Jaehyuk Park et al.,2019,Nature Communications,consensus,S6,unsure,"LinkedIn employment histories but inter-firm labor flows, not composition",pending,Methods exemplar for large-scale LinkedIn data; decide at full text. Consensus URL: https://consensus.app/papers/details/01d3e959d1985523bc7840d8e75f269f/?utm_source=claude_desktop. Consensus returned no DOI.
CON-S6-02,,Predicting Labor Market Competition: Leveraging Interfirm Network and Employee Skills,Yuan-Yang Liu et al.,2020,Inf. Syst. Res.,consensus,S6,include,incl (d): career-history profiles to characterize firm workforce skill composition,pending,Consensus URL: https://consensus.app/papers/details/421e0081036e5070956cee8a570a5127/?utm_source=claude_desktop. Consensus returned no DOI.
CON-S6-03,,"Structure, Personality and Employee Turnover: How Hierarchies Repel and Retain Different Individuals",Kathrin Heiss et al.,2024,Academy of Management Proceedings,consensus,S6,include,incl (d): LinkedIn job titles to measure firm hierarchy steepness,pending,Conference proceedings (AOM Proceedings). Consensus URL: https://consensus.app/papers/details/456730b503bf52c5b1a5413e5f242cfe/?utm_source=claude_desktop. Consensus returned no DOI.
CON-S6-04,,Linked Employer-Employee Data from XING and the Mannheim Enterprise Panel,Patrick Breithaupt et al.,2024,Jahrbücher für Nationalökonomie und Statistik,consensus,S6,include,"incl (d): XING employment data, linked employer-employee validation",pending,Consensus URL: https://consensus.app/papers/details/72fa10f732d953f0b4e36e80e85c69f9/?utm_source=claude_desktop. Consensus returned no DOI.
CON-S6-05,,Firm Investments in Artificial Intelligence Technologies and Changes in Workforce Composition,T. Babina et al.,2023,SSRN Electronic Journal,consensus,S6,include,incl (d): resume data to measure workforce composition and hierarchy,pending,SSRN working-paper version as returned; check for published version. Consensus URL: https://consensus.app/papers/details/15b4f24e8fb6596ca90b82f3daacdfe5/?utm_source=claude_desktop. Consensus returned no DOI.
CON-S6-06,,Organizational Diversity Database: An Open Data Set on Firm Racial and Gender Composition,Simeng Wang et al.,2026,Strategy Science,consensus,S6,include,incl (d): LinkedIn profiles aggregated to firm-occupation-year composition,pending,Consensus URL: https://consensus.app/papers/details/3210b85094c058e297a759ea94da3eff/?utm_source=claude_desktop. Consensus returned no DOI.
CON-S6-07,,The science and practice of workforce analytics: Introduction to the HRM special issue,Mark A. Huselid,2018,Human Resource Management,consensus,S6,exclude,E_offtopic,,Editorial on workforce analytics; no employment-history measurement. Consensus URL: https://consensus.app/papers/details/f1abe16f5c9e56179d3c6bd87bd2cf79/?utm_source=claude_desktop. Consensus returned no DOI.
CON-S6-08,,The rise of people analytics and the future of organizational research,Jeffrey T. Polzer,2023,Research in Organizational Behavior,consensus,S6,exclude,E_offtopic,,Review chapter on people analytics. Consensus URL: https://consensus.app/papers/details/d8348a25e75258bb9a77771cdf221ebd/?utm_source=claude_desktop. Consensus returned no DOI.
CON-S6-09,,Mobilizing New Sources of Data: Opportunities and Recommendations,Denis A. Grégoire et al.,2024,Academy of Management Journal,consensus,S6,unsure,"editorial on new data sources (Glassdoor), not employment histories",pending,Possible method-justification citation; decide at full text. Consensus URL: https://consensus.app/papers/details/9ea8d7ae52ee53fd814248245b990c66/?utm_source=claude_desktop. Consensus returned no DOI.
CON-S6-10,,Examining the criterion-related validity evidence of LinkedIn profile elements in an applied sample,Marc Cubrich et al.,2021,Comput. Hum. Behav.,consensus,S6,unsure,"validity of LinkedIn profile elements, hiring context",pending,May inform measurement-validity caveats; not composition measurement. Consensus URL: https://consensus.app/papers/details/e1cc78cd0ddd5915a3e284ffdc03c990/?utm_source=claude_desktop. Consensus returned no DOI.
SEED-01,,The Differentiated Network: Organizing Multinational Corporations for Value Creation,Nitin Nohria and Sumantra Ghoshal,1997,"Book, Jossey-Bass (ISBN 9780787903312)",seed,S1,seed,"seed (protocol), included regardless of hits",pending,"Confirmed via WebSearch (publisher, library and bookseller records). Consensus lists a record titled 'The Differentiated Network: Organizations Knowledge Flows in Multinational Corporations' (1997): https://consensus.app/papers/details/2d226904eb2b59e7beade42a91c345c5/?utm_source=claude_desktop"
SEED-02,,Managing Across Borders: The Transnational Solution,Christopher A. Bartlett and Sumantra Ghoshal,1989,"Book, Harvard Business School Press",seed,S1,seed,"seed (protocol), included regardless of hits",pending,Confirmed via WebSearch (bookseller and Semantic Scholar records).
SEED-03,10.5465/AMR.1998.1255638,Multinational Subsidiary Evolution: Capability and Charter Change in Foreign-Owned Subsidiary Companies,Julian Birkinshaw and Neil Hood,1998,Academy of Management Review,seed,S1,seed,"seed (protocol), included regardless of hits",pending,AMR 23(4) 773-795 per WebSearch. DOI from AOM URL.
SEED-04,,Adoption of an Organizational Practice by Subsidiaries of Multinational Corporations: Institutional and Relational Effects,Tatiana Kostova and Kendall Roth,2002,Academy of Management Journal,seed,S1,seed,"seed (protocol), included regardless of hits",pending,"AMJ 45, 215-233 per WebSearch (Semantic Scholar, SCIRP records). Issue number not shown by source."
SEED-05,,The Multinational Mission: Balancing Local Demands and Global Vision,C. K. Prahalad and Yves L. Doz,1987,"Book, Free Press",seed,S2,seed,"seed (protocol), included regardless of hits",pending,Confirmed via WebSearch (library and bookseller records). Consensus lists a 1999 reissue record: https://consensus.app/papers/details/b8cba3254ad350e6b028b33fb8aaf0ec/?utm_source=claude_desktop
SEED-06,,Managing DMNCs: A Search for a New Paradigm,Y. L. Doz and C. K. Prahalad,1991,Strategic Management Journal,seed,S2,seed,"seed (protocol), included regardless of hits",pending,"SMJ 12(S1) 145-164 per WebSearch summary and SMJ 12(S1) table-of-contents page; Consensus confirms title, first author, year and lists outlet as 'Southern Medical Journal' (collision): https://consensus.app/papers/details/633bf9442d79503284893a512c81ebd8/?utm_source=claude_desktop. Article-level landing page not retrieved."
SEED-07,10.1057/palgrave.jibs.8490341,An Empirical Analysis of the Integration-Responsiveness Framework in Global Industries,Kendall Roth and Allen J. Morrison,1990,Journal of International Business Studies,seed,S2,seed,"seed (protocol), included regardless of hits",pending,JIBS 21(4) 541-564 per WebSearch (Springer). Consensus URL: https://consensus.app/papers/details/a157e64888d65418bdcaf909c7d2a81c/?utm_source=claude_desktop
SEED-08,,Organization and Environment: Managing Differentiation and Integration,Paul R. Lawrence and Jay W. Lorsch,1967,"Book, Division of Research, Graduate School of Business Administration, Harvard University",seed,S2,seed,"seed (protocol), included regardless of hits",pending,"Confirmed via WebSearch (Google Books, library records, Semantic Scholar)."
SEED-09,10.1057/palgrave.jibs.8400164,Dual Paths to Performance: The Impact of Global Pressures on MNC Subsidiary Conduct and Performance,"Sunil Venaik, David Midgley and Timothy M. Devinney",2005,Journal of International Business Studies,seed,S2,seed,"seed (protocol), included regardless of hits",pending,"JIBS 36, 655-675 per WebSearch (Springer). DOI derived from the Springer URL."
SEED-10,,Strategies for Joint Venture Success,J. Peter Killing,1983,"Book, Praeger",seed,S3,seed,"seed (protocol), included regardless of hits",pending,"Confirmed via WebSearch (Google Books, WorldCat, bookseller records)."
SEED-11,,Control and Performance of International Joint Ventures,Geringer and Hebert,1989,Journal of International Business Studies,seed,S3,seed,"seed (protocol), included regardless of hits",pending,"JIBS 20, 235-254 per WebSearch (Springer URL palgrave.jibs.8490359). First names not shown by source."
SEED-12,,Transfer of Managers as a Coordination and Control Strategy in Multinational Organizations,A. Edstrom and Jay R. Galbraith,1977,Administrative Science Quarterly,seed,S4,seed,"seed (protocol), included regardless of hits",pending,"ASQ 22(2) 248-263 per WebSearch (search summary, SCIRP record). Forenames not shown by source."
SEED-13,,"Subsidiary Staffing in Multinational Enterprises: Agency, Resources, and Performance",Yaping Gong,2003,Academy of Management Journal,seed,S4,seed,"seed (protocol), included regardless of hits",pending,CORRECTED title: the title I used in the first query was wrong. AMJ 46(6) 728-739 per WebSearch summary; SSRN record for Gong seen. AMJ landing page not retrieved.
SEED-14,,"Institutional Environments, Staffing Strategies, and Subsidiary Performance","Ajai S. Gaur, Andrew Delios and Kulwant Singh",2007,Journal of Management,seed,S4,seed,"seed (protocol), included regardless of hits",pending,J Management 33(4) 611-636 per WebSearch (SSRN record). Consensus: https://consensus.app/papers/details/6008732e25dc5770a5a5fcc05efe2a40/?utm_source=claude_desktop
SEED-15,,Knowledge acquisition from foreign parents in international joint ventures: an empirical examination in the Hungarian context,Marjorie A. Lyles and Salk (forename not shown by source),1996,Journal of International Business Studies,seed,S4,seed,"seed (protocol), included regardless of hits",pending,"JIBS 27(5) 877-903 per WebSearch; Consensus confirms first author, year, outlet: https://consensus.app/papers/details/29fa3d857d0756e28e2461d0efce010c/?utm_source=claude_desktop. Aguilera (2007, JIBS) essay on this paper also returned."
SEED-16,10.5465/AMR.1997.9707180263,"Knowledge, Bargaining Power, and the Instability of International Joint Ventures",Inkpen and Beamish (forenames not shown by source),1997,Academy of Management Review,seed,S4,seed,"seed (protocol), included regardless of hits",pending,AMR 22(1) 177-202 per WebSearch. DOI as stated in search summary.
SEED-17,,"De-globalization: Theories, predictions, and opportunities for international business research",Michael A. Witt,2019,Journal of International Business Studies,seed,S5,seed,"seed (protocol), included regardless of hits",pending,JIBS 50(7) 1053-1077 per WebSearch; Consensus confirms: https://consensus.app/papers/details/6474cb0fc6ab57e29a1876d8e6e70e40/?utm_source=claude_desktop
SEED-18,10.1016/j.jwb.2022.101399,"Decoupling in international business: Evidence, drivers, impact, and implications for IB research","M. A. Witt, A. Y. Lewin, P. P. Li and A. Gaur",2023,Journal of World Business,seed,S5,seed,"seed (protocol), included regardless of hits",pending,"CORRECTED outlet: protocol says JIBS; WebSearch (INSEAD, CBS, Rutgers, RePEc records) shows Journal of World Business 58(1). Protocol should be corrected by PI."
SEED-19,,The MNE and its subsidiaries at times of global disruptions: An international relations perspective,Klaus E. Meyer et al. (second author not confirmed),2022,Global Strategy Journal,seed,S5,seed,"seed (protocol), included regardless of hits",pending,CORRECTED outlet and PARTIALLY UNCONFIRMED: protocol says 'Meyer & Li 2022 (JIBS)'. Consensus and WebSearch return this GSJ 2022 paper by 'K. Meyer et al.'; Li as co-author not confirmed by any source. Consensus URL: https://consensus.app/papers/details/f24d56bfacf65351b405a8b3dda6d14e/?utm_source=claude_desktop. PI to confirm this is the intended work.
SEED-20,10.1057/s41267-019-00269-x,"The structural reshaping of globalization: Implications for strategic sectors, profiting from innovation, and the multinational enterprise",Olga Petricevic and David J. Teece,2019,Journal of International Business Studies,seed,S5,seed,"seed (protocol), included regardless of hits",pending,"JIBS 50, 1487-1512 per WebSearch; DOI derived from Springer URL; Consensus: https://consensus.app/papers/details/c1ab0aa291675f7f9a057a027263c966/?utm_source=claude_desktop"
SEED-21,10.1093/JLEO/16.2.334,The Institutional Environment for Multinational Investment,Witold J. Henisz,2000,"Journal of Law, Economics, and Organization",seed,S5,seed,"seed (protocol), included regardless of hits",pending,JLEO 16(2) 334-364 per WebSearch (EconPapers record RePEc:oup:jleorg:v:16:y:2000:i:2:p:334-64; SCIRP). DOI as stated in search summary.
SEED-22,10.1057/s41267-017-0098-4,Diplomatic and corporate networks: Bridges to foreign locations,"Jing Li, Klaus E. Meyer, Hua Zhang and Yuan Ding",2018,Journal of International Business Studies,seed,S5,seed,"seed (protocol), included regardless of hits",pending,"JIBS 49, 659-683 per WebSearch (Springer, CEIBS records). Title CORRECTED: first query used a wrong title; outlet JIBS as in protocol."
CC-S1-01,,Differentiated fit and shared values: Alternatives for managing headquarters-subsidiary relations,N. Nohria et al.,1994,"Southern Medical Journal (as returned; probable SMJ collision, unverified)",citation_chase,S1,include,incl (a): differentiated fit of HQ-subsidiary structure,pending,Citation chase result; evidence: semantic neighbour; citation link not verified. Consensus URL: https://consensus.app/papers/details/2773cd74f9bf50f68aeb6ef214c5b6ec/?utm_source=claude_desktop. Consensus returned no DOI.
CC-S1-02,,The Multinational Corporation as an Interorganizational Network,S. Ghoshal et al.,1990,Academy of Management Review,citation_chase,S1,include,incl (a): MNC as internally differentiated network,pending,Citation chase result; evidence: semantic neighbour; citation link not verified. Consensus URL: https://consensus.app/papers/details/3cafd54741de5c46bfb7022d40657c77/?utm_source=claude_desktop. Consensus returned no DOI.
CC-S1-03,,Internal differentiation within multinational corporations,S. Ghoshal et al.,1989,Southern Medical Journal (as returned),citation_chase,S1,exclude,F_duplicate,,Duplicate of CON-S1-02. Chase result. Consensus URL: https://consensus.app/papers/details/1d3f81fd42405a23b7ce4778a850393c/?utm_source=claude_desktop
CC-S1-04,,Multinational Corporations as Differentiated Networks (Sloan School working paper; title garbled in Consensus),S. Ghoshal et al.,N/A,Unknown Journal,citation_chase,S1,exclude,C_nonscholarly,,Citation chase result; evidence: working paper precursor of seed SEED-01. Consensus URL: https://consensus.app/papers/details/95b1b4f1be5a5e5786e1f06999449b49/?utm_source=claude_desktop. Consensus returned no DOI. Comment: working paper precursor of seed SEED-01
CC-S1-05,,A Typology of Centres Within Multinational Corporations: An Empirical Investigation,B. Surlemont,1998,Unknown Journal,citation_chase,S1,include,incl (a): typology of subsidiary centres and HQ-subsidiary roles,pending,Citation chase result; evidence: abstract or text names a focal work (citation link evidenced in returned text). Consensus URL: https://consensus.app/papers/details/61f14b6765c353faa35687502155408c/?utm_source=claude_desktop. Consensus returned no DOI.
CC-S1-06,,The Differentiated Network: Organizations Knowledge Flows in Multinational Corporations,N. Nohria et al.,1997,Unknown Journal,citation_chase,S1,exclude,F_duplicate,,Duplicate of SEED-01. Chase result. Consensus URL: https://consensus.app/papers/details/2d226904eb2b59e7beade42a91c345c5/?utm_source=claude_desktop
CC-S1-07,,"Building the entrepreneurial corporation: New organizational processes, new managerial tasks",S. Ghoshal et al.,1995,European Management Journal,citation_chase,S1,exclude,E_offtopic,,Citation chase result; evidence: semantic neighbour; citation link not verified. Consensus URL: https://consensus.app/papers/details/835437c29fcc58cfa0450c858ae9df67/?utm_source=claude_desktop. Consensus returned no DOI.
CC-S1-08,,Organization Theory and the Multinational Corporation (edited volume),Donald Palmer et al.,1993,Administrative Science Quarterly,citation_chase,S1,unsure,edited volume; chapter-level relevance (contains Doz & Prahalad 1991 and Ghoshal & Bartlett 1990),pending,Citation chase result; evidence: semantic neighbour; citation link not verified. Consensus URL: https://consensus.app/papers/details/a25a800765c3512883caaef2b081cb62/?utm_source=claude_desktop. Consensus returned no DOI.
CC-S1-09,,"Creation, Adoption and Diffusion of Innovations by Subsidiaries of Multinational Corporations",S. Ghoshal et al.,1988,Journal of International Business Studies,citation_chase,S1,include,incl (a): normative integration and communication at subsidiary level,pending,Citation chase result; evidence: semantic neighbour; citation link not verified. Consensus URL: https://consensus.app/papers/details/e8eae3cb51f65943a2b39cdc44c44c1c/?utm_source=claude_desktop. Consensus returned no DOI.
CC-S1-10,,Horses for Courses: Organizational Forms for Multinational Corporations,S. Ghoshal et al.,1993,Unknown Journal,citation_chase,S1,include,incl (a): organizational forms fitted to subsidiary contexts,pending,"Citation chase result; evidence: semantic neighbour; abstract not returned, included on title. Consensus URL: https://consensus.app/papers/details/c0f27e47044e5c1b9a1c092560ce4afe/?utm_source=claude_desktop. Consensus returned no DOI."
CC-S1-11,,Multinational Subsidiary Evolution: Capability and Charter Change in Foreign-Owned Subsidiary Companies,J. Birkinshaw et al.,1998,Academy of Management Review,citation_chase,S1,exclude,F_duplicate,,Duplicate of SEED-03. Chase result. Consensus URL: https://consensus.app/papers/details/78f92794443154849af6453ace27fd14/?utm_source=claude_desktop
CC-S1-12,,Building firm-specific advantages in multinational corporations: The role of subsidiary initiative,J. Birkinshaw et al.,1998,Strategic Management Journal,citation_chase,S1,include,incl (a): subsidiary initiative and role within the corporate network,pending,Citation chase result; evidence: semantic neighbour; citation link not verified. Consensus URL: https://consensus.app/papers/details/08ff676a52d75d32a17ec5399b152295/?utm_source=claude_desktop. Consensus returned no DOI.
CC-S1-13,,Configurations of Strategy and Structure in Subsidiaries of Multinational Corporations,J. Birkinshaw et al.,1995,Journal of International Business Studies,citation_chase,S1,exclude,F_duplicate,,Duplicate of CON-S1-08. Chase result. Consensus URL: https://consensus.app/papers/details/97d5c2dc0ea75138a07dd0bf783c8a07/?utm_source=claude_desktop
CC-S1-14,,Strategy and Management in MNE Subsidiaries,J. Birkinshaw et al.,2009,Unknown Journal,citation_chase,S1,include,incl (a): review of subsidiary strategy and management (handbook chapter),pending,Citation chase result; evidence: semantic neighbour; citation link not verified. Consensus URL: https://consensus.app/papers/details/fd92c1feb7fe55178958afb71eb783f3/?utm_source=claude_desktop. Consensus returned no DOI.
CC-S1-15,,Move fast and break things: Reassessing IB research in the light of the digital revolution,J. Birkinshaw,2022,Global Strategy Journal,citation_chase,S1,exclude,E_offtopic,,Citation chase result; evidence: semantic neighbour; citation link not verified. Consensus URL: https://consensus.app/papers/details/e0d34a770deb5d668bc3491dcc1380c3/?utm_source=claude_desktop. Consensus returned no DOI.
CC-S1-16,,Managing Power in the Multinational Corporation: How Low-Power Actors Gain Influence,Cyril Bouquet et al.,2008,Journal of Management,citation_chase,S1,unsure,unit-level influence in MNC; coordination content unclear,pending,Citation chase result; evidence: semantic neighbour; citation link not verified. Consensus URL: https://consensus.app/papers/details/3653ffe138b859acaf99860e38f2b531/?utm_source=claude_desktop. Consensus returned no DOI.
CC-S1-17,,"Subsidiary entrepreneurship, internal and external competitive forces, and subsidiary performance",J. Birkinshaw et al.,2005,International Business Review,citation_chase,S1,unsure,semi-autonomous subsidiary with performance focus; 24 Scottish subsidiaries,pending,Citation chase result; evidence: semantic neighbour; citation link not verified. Consensus URL: https://consensus.app/papers/details/338cc58784635647839e4f5446421c30/?utm_source=claude_desktop. Consensus returned no DOI.
CC-S1-18,,Reflections on open strategy,J. Birkinshaw,2017,Long Range Planning,citation_chase,S1,exclude,E_offtopic,,Citation chase result; evidence: semantic neighbour; citation link not verified. Consensus URL: https://consensus.app/papers/details/8c40efca956f58b0a10a096f07b76f6e/?utm_source=claude_desktop. Consensus returned no DOI.
CC-S1-19,,Corporate entrepreneurship in network organizations: How subsidiary initiative drives internal market efficiency,J. Birkinshaw,1998,European Management Journal,citation_chase,S1,include,incl (a): subsidiary initiative and level of autonomy agreed with head office,pending,Citation chase result; evidence: semantic neighbour; citation link not verified. Consensus URL: https://consensus.app/papers/details/4e45dec9c6015fbcba911e77dcad6a40/?utm_source=claude_desktop. Consensus returned no DOI.
CC-S1-20,,How Multinational Subsidiary Mandates are Gained and Lost,J. Birkinshaw,1996,Journal of International Business Studies,citation_chase,S1,include,incl (a): subsidiary mandates (charters) over time,pending,Citation chase result; evidence: semantic neighbour; citation link not verified. Consensus URL: https://consensus.app/papers/details/cc42e095c77f542488481033b5bea118/?utm_source=claude_desktop. Consensus returned no DOI.
CC-S2-01,,An Empirical Analysis of the Integration-Responsiveness Framework in Global Industries,Kendall Roth et al.,1990,Journal of International Business Studies,citation_chase,S2,exclude,F_duplicate,,Duplicate of SEED-07. Chase result. Consensus URL: https://consensus.app/papers/details/a157e64888d65418bdcaf909c7d2a81c/?utm_source=claude_desktop
CC-S2-02,,Global Strategy Implementation at the Business Unit Level: Operational Capabilities and Administrative Mechanisms,Kendall Roth et al.,1991,Journal of International Business Studies,citation_chase,S2,include,incl (a): business-unit organizational design fit to international strategy,pending,Citation chase result; evidence: semantic neighbour; citation link not verified. Consensus URL: https://consensus.app/papers/details/f771427912a753efa65af6e2294ce294/?utm_source=claude_desktop. Consensus returned no DOI.
CC-S2-03,,Managing DMNCs: A search for a new paradigm,Y. Doz et al.,1991,Southern Medical Journal (as returned),citation_chase,S2,exclude,F_duplicate,,Duplicate of SEED-06. Chase result. Consensus URL: https://consensus.app/papers/details/633bf9442d79503284893a512c81ebd8/?utm_source=claude_desktop
CC-S2-04,,Patterns of Strategic Control Within Multinational Corporations,Y. Doz et al.,1984,Journal of International Business Studies,citation_chase,S2,include,incl (a): HQ-subsidiary control tools balancing responsiveness and coordination,pending,Citation chase result; evidence: semantic neighbour; citation link not verified. Consensus URL: https://consensus.app/papers/details/20759c423fae5e20afd1b4c4ce9f02b2/?utm_source=claude_desktop. Consensus returned no DOI.
CC-S2-05,,An Approach to Strategic Control in MNCs,C. Prahalad et al.,2017,Unknown Journal,citation_chase,S2,unsure,chapter/reprint; date and outlet uncertain (2017 likely reissue),pending,Citation chase result; evidence: semantic neighbour; citation link not verified. Consensus URL: https://consensus.app/papers/details/c9f33441aaca53fdbae0e1d1ddffecd6/?utm_source=claude_desktop. Consensus returned no DOI.
CC-S2-06,,The Multinational Mission: Balancing Local Demands and Global Vision,C. Prahalad et al.,1999,Unknown Journal,citation_chase,S2,exclude,F_duplicate,,Duplicate of SEED-05. Chase result. Consensus URL: https://consensus.app/papers/details/b8cba3254ad350e6b028b33fb8aaf0ec/?utm_source=claude_desktop
CC-S2-07,,Global Competitive Pressures and Host Country Demands: Managing Tensions in MNCs,Y. Doz et al.,1981,California Management Review,citation_chase,S2,include,"incl (a): integration vs host-country demands, organizational implications",pending,Citation chase result; evidence: semantic neighbour; citation link not verified. Consensus URL: https://consensus.app/papers/details/f9151e7a74ed5d189de68bc7e2e11289/?utm_source=claude_desktop. Consensus returned no DOI.
CC-S2-08,,"Technological innovation and interdependence: A challenge for the large, complex firm",Y. Doz et al.,1985,Technology in Society,citation_chase,S2,exclude,E_offtopic,,Citation chase result; evidence: semantic neighbour; citation link not verified. Consensus URL: https://consensus.app/papers/details/7ef0e13860b652c0892f6fce0122431c/?utm_source=claude_desktop. Consensus returned no DOI.
CC-S2-09,,"Control, change, and flexibility: the dilemma of transnational collaboration",Y. Doz et al.,2017,Unknown Journal,citation_chase,S2,include,"incl (a): control and flexibility in partnerships and MNCs (chapter, likely reissue)",pending,Citation chase result; evidence: semantic neighbour; citation link not verified. Consensus URL: https://consensus.app/papers/details/077245be2df555b891f22fe129399383/?utm_source=claude_desktop. Consensus returned no DOI.
CC-S2-10,,How MNCs cope with host-government intervention,Y. Doz et al.,1980,Unknown Journal,citation_chase,S2,unsure,outlet unknown; host-government intervention and organization (criterion c); peer-review status unclear,pending,Citation chase result; evidence: semantic neighbour; citation link not verified. Consensus URL: https://consensus.app/papers/details/d738fbdc107b591cb3c3ba562d89b0ba/?utm_source=claude_desktop. Consensus returned no DOI.
CC-S3-01,,"Control, innovation and international joint venture performance: The moderating role of internal and external environments",Huu Le Nguyen et al.,2019,International Business Review,citation_chase,S3,include,"incl (b): IJV parent control (mechanism, focus, extent)",pending,Citation chase result; evidence: abstract or text names a focal work (citation link evidenced in returned text). Consensus URL: https://consensus.app/papers/details/3caa1b3e47345dde96ff8e15c00c772c/?utm_source=claude_desktop. Consensus returned no DOI.
CC-S3-02,,Antecedents and Effects of Parent Control in International Joint Ventures,Ai-Min Yan et al.,2001,Journal of Management Studies,citation_chase,S3,exclude,F_duplicate,,Duplicate of CON-S3-01. Chase result. Consensus URL: https://consensus.app/papers/details/87f71f79125a575c9247d8c9e15b5f14/?utm_source=claude_desktop
CC-S3-03,,Parent Control Dynamics and International Joint Venture Performance,L. Nguyen,2009,International Journal of Biometrics (as returned; implausible outlet),citation_chase,S3,include,incl (b): IJV parent control dynamics; outlet metadata doubtful,pending,Citation chase result; evidence: abstract or text names a focal work (citation link evidenced in returned text). Consensus URL: https://consensus.app/papers/details/e4ee5672189653f1beb72579417d1775/?utm_source=claude_desktop. Consensus returned no DOI.
CC-S3-04,,"Foreign Parent Firm Contributions, Experiences, and International Joint Venture Control and Performance",L. Nguyen,2009,International Management Review,citation_chase,S3,include,incl (b): IJV control structures by parent contribution,pending,Citation chase result; evidence: abstract or text names a focal work (citation link evidenced in returned text). Consensus URL: https://consensus.app/papers/details/859e74f5397e5670bda3f173bf69788e/?utm_source=claude_desktop. Consensus returned no DOI.
CC-S3-05,,Parent contribution and organizational control in international joint ventures,Dong Chen et al.,2009,Southern Medical Journal (as returned),citation_chase,S3,exclude,F_duplicate,,Duplicate of CON-S3-10. Chase result. Consensus URL: https://consensus.app/papers/details/ea3c086c38255eef86b9c7b374336f51/?utm_source=claude_desktop
CC-S3-06,,Governing for Success: The Host Country Uncertainty and the Design of Foreign Parent Control in International Joint Ventures,Huu Le Nguyen et al.,2008,Unknown Journal,citation_chase,S3,include,incl (b): design of foreign parent control in IJVs; outlet unknown,pending,Citation chase result; evidence: abstract or text names a focal work (citation link evidenced in returned text). Consensus URL: https://consensus.app/papers/details/59bb900ec8445c4f8b78e2360b5834c5/?utm_source=claude_desktop. Consensus returned no DOI.
CC-S3-07,,Control and Performance in International Joint Ventures,Hans Mjoen et al.,1997,Organization Science,citation_chase,S3,exclude,F_duplicate,,Duplicate of CON-S3-05. Chase result. Consensus URL: https://consensus.app/papers/details/1a0c6e5ec3c05bd4b4d80a4d2343022f/?utm_source=claude_desktop
CC-S3-08,,Management Control in International Joint Ventures in the Infrastructure Sector,Leijie Han et al.,2019,Journal of Management in Engineering,citation_chase,S3,include,"incl (b): behavior, outcome and clan control in IJVs",pending,Citation chase result; evidence: semantic neighbour; citation link not verified. Consensus URL: https://consensus.app/papers/details/586cb10d6bbc5173b3ab1b3971625cb6/?utm_source=claude_desktop. Consensus returned no DOI.
CC-S3-09,,Foreign parent control mechanisms and international joint venture performance,B. Park et al.,2009,International Journal of Strategic Business Alliances,citation_chase,S3,include,incl (b): direct vs indirect parent control mechanisms in IJVs,pending,Citation chase result; evidence: semantic neighbour; citation link not verified. Consensus URL: https://consensus.app/papers/details/5baf59de5eb55d5080cc571f5340ecbf/?utm_source=claude_desktop. Consensus returned no DOI.
CC-S3-10,,Negotiating control and achieving performance in international joint ventures: A conceptual model,Ai-Min Yan et al.,2001,Journal of International Management,citation_chase,S3,include,incl (b): determinants of IJV parent control,pending,Citation chase result; evidence: semantic neighbour; citation link not verified. Consensus URL: https://consensus.app/papers/details/885e30544e4f50948eaed69bc7111250/?utm_source=claude_desktop. Consensus returned no DOI.
CC-S3-11,,Split management control and international joint venture performance,Chang-bum Choi et al.,2004,Journal of International Business Studies,citation_chase,S3,exclude,F_duplicate,,Duplicate of CON-S3-02. Chase result. Consensus URL: https://consensus.app/papers/details/fcdc2bcbac2659688f7aa8912a674088/?utm_source=claude_desktop
CC-S3-12,,Control and Performance in International Joint Ventures,Hans Mjoen et al.,1997,Organization Science,citation_chase,S3,exclude,F_duplicate,,Duplicate of CON-S3-05. Chase result. Consensus URL: https://consensus.app/papers/details/1a0c6e5ec3c05bd4b4d80a4d2343022f/?utm_source=claude_desktop
CC-S3-13,,Antecedents and Effects of Parent Control in International Joint Ventures,Ai-Min Yan et al.,2001,Journal of Management Studies,citation_chase,S3,exclude,F_duplicate,,Duplicate of CON-S3-01. Chase result. Consensus URL: https://consensus.app/papers/details/87f71f79125a575c9247d8c9e15b5f14/?utm_source=claude_desktop
CC-S3-14,,HANS MJOEN AND STEPHEN TALLMAN Control and Performance in Intemational Joint Ventures Introduction,Hans Mjoen et al.,2017,Unknown Journal,citation_chase,S3,exclude,F_duplicate,,Duplicate of CON-S3-05. Chase result. Consensus URL: https://consensus.app/papers/details/9c55b0ac9c2f5161acfa91aa11618ca0/?utm_source=claude_desktop
CC-S3-15,,Negotiating control and achieving performance in international joint ventures: A conceptual model,Ai-Min Yan et al.,2001,Journal of International Management,citation_chase,S3,exclude,F_duplicate,,Duplicate of CC-S3-10. Chase result. Consensus URL: https://consensus.app/papers/details/885e30544e4f50948eaed69bc7111250/?utm_source=claude_desktop
CC-S3-16,,"Interpartner, Parent, and Environmental Factors Influencing the Operation of International Joint Ventures: 15 Years of Research",T. Reus et al.,2004,Management International Review,citation_chase,S3,include,"incl (b): review of IJV operation at interpartner, parent, environment levels",pending,Citation chase result; evidence: semantic neighbour; citation link not verified. Consensus URL: https://consensus.app/papers/details/a485013b54ac5bbeba92ece2eb8b4708/?utm_source=claude_desktop. Consensus returned no DOI.
CC-S3-17,,"Bargaining Power, Management Control, and Performance in United States-China Joint Ventures: A Compa",Ai-Min Yan et al.,1994,Unknown Journal,citation_chase,S3,exclude,F_duplicate,,Duplicate of CON-S3-03. Chase result. Consensus URL: https://consensus.app/papers/details/542c9ad6b3505cc2b610ba352589296f/?utm_source=claude_desktop
CC-S3-18,,Performance of International Joint Ventures: What Factors Really Make a Difference and How?,Hong Ren et al.,2009,Journal of Management,citation_chase,S3,exclude,B_formation,,Citation chase result; evidence: IJV performance drivers review only. Consensus URL: https://consensus.app/papers/details/4f4d286d904951f59ed967500cfb1c51/?utm_source=claude_desktop. Consensus returned no DOI. Comment: IJV performance drivers review only
CC-S3-19,,The Characteristics of Joint Ventures in the People's Republic of China,Paul W. Beamish,1993,Journal of International Marketing,citation_chase,S3,include,incl (b): IJV design and management characteristics incl. split control,pending,Citation chase result; evidence: semantic neighbour; citation link not verified. Consensus URL: https://consensus.app/papers/details/d95af2a82cf254908d0be6d429790591/?utm_source=claude_desktop. Consensus returned no DOI.
CC-S3-20,,The Trap of Continual Ownership Change in International Equity Joint Ventures,C. Chung et al.,2010,Organization Science,citation_chase,S3,unsure,ownership-control restructuring of IJVs; control vs ownership only,pending,Citation chase result; evidence: semantic neighbour; citation link not verified. Consensus URL: https://consensus.app/papers/details/218fa03e96685009b6ceae70eee93cbb/?utm_source=claude_desktop. Consensus returned no DOI.
CC-S4-01,,Who's in Charge? An Empirical Study of Executive Staffing Practices in Foreign Subsidiaries,Anne-Wil Harzing,2001,Human Resource Management,citation_chase,S4,include,incl (a): PCN vs HCN executive staffing in subsidiaries,pending,Citation chase result; evidence: semantic neighbour; citation link not verified. Consensus URL: https://consensus.app/papers/details/565a1bf7d7de5cba8dd7a94dc9cf4487/?utm_source=claude_desktop. Consensus returned no DOI.
CC-S4-02,,"Institutional Environments, Staffing Strategies, and Subsidiary Performance",Ajai S. Gaur et al.,2007,Journal of Management,citation_chase,S4,exclude,F_duplicate,,Duplicate of SEED-14. Chase result. Consensus URL: https://consensus.app/papers/details/6008732e25dc5770a5a5fcc05efe2a40/?utm_source=claude_desktop
CC-S4-03,,"Subsidiary staffing, cultural friction, and subsidiary performance: Evidence from Korean subsidiaries in 63 countries",Deeksha Singh et al.,2019,Human Resource Management,citation_chase,S4,include,incl (a): PCN presence by hierarchical level (TMT vs employee),pending,Citation chase result; evidence: semantic neighbour; citation link not verified. Consensus URL: https://consensus.app/papers/details/3126b27cc435580a8e3cc0d4c41845d0/?utm_source=claude_desktop. Consensus returned no DOI.
CC-S4-04,,Cultures and Institutions: Dispositional and contextual explanations for country-of-origin effects in MNC 'ethnocentric' staffing practices,Hyun-jung Lee et al.,2021,Organization Studies,citation_chase,S4,include,incl (a): PCN staffing of subsidiary top management teams,pending,Citation chase result; evidence: semantic neighbour; citation link not verified. Consensus URL: https://consensus.app/papers/details/d699f2e2ef9d5f41ac9fcbe0fb59adfb/?utm_source=claude_desktop. Consensus returned no DOI.
CC-S4-05,,An empirical study of executive nationality staffing practices in foreign-owned MNC subsidiaries in Ireland,K. Thompson et al.,2004,Thunderbird International Business Review,citation_chase,S4,include,incl (a): executive nationality staffing in subsidiaries,pending,Citation chase result; evidence: semantic neighbour; citation link not verified. Consensus URL: https://consensus.app/papers/details/b9db659dcfe5599aa32e212a21b6c1f7/?utm_source=claude_desktop. Consensus returned no DOI.
CC-S4-06,,"Country-of-origin, localization, or dominance effect? An empirical investigation of HRM practices in foreign subsidiaries",Markus Pudelko et al.,2007,Human Resource Management,citation_chase,S4,include,incl (a): localization vs standardization of HRM function in subsidiaries,pending,Citation chase result; evidence: semantic neighbour; citation link not verified. Consensus URL: https://consensus.app/papers/details/3315bf2981a7500da0fc926b56e428d5/?utm_source=claude_desktop. Consensus returned no DOI.
CC-S4-07,,Global staffing (special issue introduction),D. Collings et al.,2009,The International Journal of Human Resource Management,citation_chase,S4,unsure,special-issue editorial; scholarly overview of global staffing,pending,Citation chase result; evidence: abstract or text names a focal work (citation link evidenced in returned text). Consensus URL: https://consensus.app/papers/details/e5770d08be23518eb3837bf9affbdbcb/?utm_source=claude_desktop. Consensus returned no DOI.
CC-S4-08,,"Societal trust, formal institutions, and foreign subsidiary staffing",Ajai S. Gaur et al.,2022,Journal of International Business Studies,citation_chase,S4,include,incl (a): foreign subsidiary staffing,pending,"Citation chase result; evidence: semantic neighbour; abstract not returned, included on title. Consensus URL: https://consensus.app/papers/details/0958eba1573a5189a8ca193e2f8e0dd6/?utm_source=claude_desktop. Consensus returned no DOI."
CC-S4-09,,Expatriate staffing in foreign subsidiaries of Japanese multinational corporations in the PRC and the United States,A. Delios et al.,2000,The International Journal of Human Resource Management,citation_chase,S4,exclude,F_duplicate,,Duplicate of CON-S4-01. Chase result. Consensus URL: https://consensus.app/papers/details/b8dc6f06a1b55dc79f69cb4c44b6d00e/?utm_source=claude_desktop
CC-S4-10,,How does successive inpatriation contribute to subsidiary capability building and subsidiary evolution?,Heejin Kim et al.,2022,Journal of International Business Studies,citation_chase,S4,exclude,F_duplicate,,Duplicate of CON-S4-09. Chase result. Consensus URL: https://consensus.app/papers/details/7dd09e8820a15e3f8a907e0d4bed1f9e/?utm_source=claude_desktop
CC-S5-01,,"The structural reshaping of globalization: Implications for strategic sectors, profiting from innovation, and the multinational enterprise",Olga Petricevic et al.,2019,Journal of International Business Studies,citation_chase,S5,exclude,F_duplicate,,Duplicate of SEED-20. Chase result. Consensus URL: https://consensus.app/papers/details/c1ab0aa291675f7f9a057a027263c966/?utm_source=claude_desktop
CC-S5-02,,"De-globalization: Theories, predictions, and opportunities for international business research",M. Witt,2019,Journal of International Business Studies,citation_chase,S5,exclude,F_duplicate,,Duplicate of SEED-17. Chase result. Consensus URL: https://consensus.app/papers/details/6474cb0fc6ab57e29a1876d8e6e70e40/?utm_source=claude_desktop
CC-S5-03,,"The multinational enterprise, capabilities, and digitalization: governance and growth with world disorder",D. Teece,2025,Journal of International Business Studies,citation_chase,S5,exclude,E_offtopic,,Citation chase result; evidence: capabilities theory essay; geopolitics secondary. Consensus URL: https://consensus.app/papers/details/1222ca2ccd975adaab19a6754ab8c2af/?utm_source=claude_desktop. Consensus returned no DOI. Comment: capabilities theory essay; geopolitics secondary
CC-S5-04,,China and the Reshaping of the Auto Industry: A Dynamic Capabilities Perspective,D. Teece,2019,Management and Organization Review,citation_chase,S5,exclude,E_offtopic,,Citation chase result; evidence: semantic neighbour; citation link not verified. Consensus URL: https://consensus.app/papers/details/012e993fbfa752cb84fa5013ffb81158/?utm_source=claude_desktop. Consensus returned no DOI.
CC-S5-05,,Springboard MNEs under de-globalization,Ya-Dong Luo et al.,2021,Journal of International Business Studies,citation_chase,S5,unsure,"EMNE strategy under de-globalization; reconfigured global posture, organization unclear",pending,Citation chase result; evidence: semantic neighbour; citation link not verified. Consensus URL: https://consensus.app/papers/details/9949faf9fd35524ab8cbae3fc680d446/?utm_source=claude_desktop. Consensus returned no DOI.
CC-S5-06,,A dynamic capabilities-based entrepreneurial theory of the multinational enterprise,D. Teece,2014,Journal of International Business Studies,citation_chase,S5,exclude,E_offtopic,,Citation chase result; evidence: semantic neighbour; citation link not verified. Consensus URL: https://consensus.app/papers/details/93eee3f148125cc29e8d5fd27d76e4ca/?utm_source=claude_desktop. Consensus returned no DOI.
CC-S5-07,,Capability-Based Theories of Multinational Enterprise Growth,D. Teece et al.,2020,The Oxford Handbook of International Business Strategy,citation_chase,S5,exclude,E_offtopic,,Citation chase result; evidence: semantic neighbour; citation link not verified. Consensus URL: https://consensus.app/papers/details/88079a561108570ab67669b330a7b9fd/?utm_source=claude_desktop. Consensus returned no DOI.
CC-S5-08,,De-globalization and Decoupling: Game Changing Consequences?,M. Witt et al.,2021,Management and Organization Review,citation_chase,S5,unsure,de-globalization/decoupling context; abstract as returned is unusable,pending,Citation chase result; evidence: semantic neighbour; citation link not verified. Consensus URL: https://consensus.app/papers/details/14debecdebed59e89871af7886948cd4/?utm_source=claude_desktop. Consensus returned no DOI.
CC-S5-09,,A wider-aperture lens for global strategic management: The multinational enterprise in a bifurcated global economy,D. Teece,2022,Global Strategy Journal,citation_chase,S5,unsure,MNE in bifurcated economy; organization of foreign operations unclear,pending,Citation chase result; evidence: semantic neighbour; citation link not verified. Consensus URL: https://consensus.app/papers/details/e382fc1ddc1f582da05dd8522c68d69b/?utm_source=claude_desktop. Consensus returned no DOI.
CC-S5-10,,A capability theory of the firm: an economics and (strategic) management perspective,D. Teece,2019,New Zealand Economic Papers,citation_chase,S5,exclude,E_offtopic,,Citation chase result; evidence: semantic neighbour; citation link not verified. Consensus URL: https://consensus.app/papers/details/0ec8f19395d051f682a58c20b8772e90/?utm_source=claude_desktop. Consensus returned no DOI.
CC-S6-01,,Global labor flow network reveals the hierarchical organization and dynamics of geo-industrial clusters,Jaehyuk Park et al.,2019,Nature Communications,citation_chase,S6,exclude,F_duplicate,,Duplicate of CON-S6-01. Chase result. Consensus URL: https://consensus.app/papers/details/01d3e959d1985523bc7840d8e75f269f/?utm_source=claude_desktop
CC-S6-02,,Predicting Labor Market Competition: Leveraging Interfirm Network and Employee Skills,Yuan-Yang Liu et al.,2020,Inf. Syst. Res.,citation_chase,S6,exclude,F_duplicate,,Duplicate of CON-S6-02. Chase result. Consensus URL: https://consensus.app/papers/details/421e0081036e5070956cee8a570a5127/?utm_source=claude_desktop
CC-S6-03,,Firm Investments in Artificial Intelligence Technologies and Changes in Workforce Composition,T. Babina et al.,2023,SSRN Electronic Journal,citation_chase,S6,exclude,F_duplicate,,Duplicate of CON-S6-05. Chase result. Consensus URL: https://consensus.app/papers/details/15b4f24e8fb6596ca90b82f3daacdfe5/?utm_source=claude_desktop
CC-S6-04,,Workforce diversity and firm performance: Relational coordination as a mediator and structural empowerment and multisource feedback as moderators,Hun Whee Lee et al.,2019,Human Resource Management,citation_chase,S6,exclude,E_offtopic,,"Citation chase result; evidence: survey-based diversity, not employment histories. Consensus URL: https://consensus.app/papers/details/0bccdc82327e5f02b9ff17b5168a03d7/?utm_source=claude_desktop. Consensus returned no DOI. Comment: survey-based diversity, not employment histories"
CC-S6-05,,Are less hierarchical firms organized around stronger cultures? Evidence from big data,Arianna Marchetti et al.,2025,Strategic Management Journal,citation_chase,S6,include,incl (d): managerial hierarchy estimated from 42 million professional social media profiles,pending,Citation chase result; evidence: semantic neighbour; citation link not verified. Consensus URL: https://consensus.app/papers/details/f59278fd1e4b54bab03817239c89579e/?utm_source=claude_desktop. Consensus returned no DOI.
CC-S6-06,,Putting human capital analytics to work: Predicting and driving business success,W. A. Schiemann et al.,2018,Human Resource Management,citation_chase,S6,exclude,E_offtopic,,Citation chase result; evidence: semantic neighbour; citation link not verified. Consensus URL: https://consensus.app/papers/details/be3f2beb7f49581da3a975918df13503/?utm_source=claude_desktop. Consensus returned no DOI.
CC-S6-07,,The science and practice of workforce analytics: Introduction to the HRM special issue,Mark A. Huselid,2018,Human Resource Management,citation_chase,S6,exclude,F_duplicate,,Duplicate of CON-S6-07. Chase result. Consensus URL: https://consensus.app/papers/details/f1abe16f5c9e56179d3c6bd87bd2cf79/?utm_source=claude_desktop
CC-S6-08,,Using workforce analytics to improve strategy execution,Alec R. Levenson,2018,Human Resource Management,citation_chase,S6,exclude,E_offtopic,,Citation chase result; evidence: semantic neighbour; citation link not verified. Consensus URL: https://consensus.app/papers/details/58b84ace939051e6b12b220e03b7f3cc/?utm_source=claude_desktop. Consensus returned no DOI.
CC-S6-09,,"Structure, Personality and Employee Turnover: How Hierarchies Repel and Retain Different Individuals",Kathrin Heiss et al.,2024,Academy of Management Proceedings,citation_chase,S6,exclude,F_duplicate,,Duplicate of CON-S6-03. Chase result. Consensus URL: https://consensus.app/papers/details/456730b503bf52c5b1a5413e5f242cfe/?utm_source=claude_desktop
CC-S6-10,,Organizational Diversity Database: An Open Data Set on Firm Racial and Gender Composition,Simeng Wang et al.,2026,Strategy Science,citation_chase,S6,exclude,F_duplicate,,Duplicate of CON-S6-06. Chase result. Consensus URL: https://consensus.app/papers/details/3210b85094c058e297a759ea94da3eff/?utm_source=claude_desktop
