candidate,family,theoretical_fit,measurement_quality,identification_potential,sample_coverage,substantive_interest,weighted_score,hard_screen_pass,notes
S01 Russia 2014 Crimea-related Western sanctions and Russian countersanctions,sanctions,4,4,3,3,3,3.40,PASS,Exposure: Russia x sanctioning-state parent dyads (>15). GSDB-R4 dyadic. Pre 2008-2013. Possible concurrent Russian macro shocks in late 2014 [DATA: confirm and date]. Revelio Russia coverage degrades after LinkedIn block (17 Nov 2016) so post-period effectively 2014-2016. Coverage provisional. Sample coverage scored from proxies; provisional pending /shock-options rescore.
"S02 Russia 2022 full-scale sanctions and Russian countermeasures (Decree 81, Order 430-r unfriendly list, Decree 302)",sanctions,5,4,3,2,4,3.60,PASS,Exposure: Russia x 48 'unfriendly' parent countries (EU27 plus 21). Strong multi-family shock but heavy exit/ownership attrition and weak Revelio coverage of Russia-based staff since Nov 2016. Coverage provisional; reserve candidate. Sample coverage scored from proxies; provisional pending /shock-options rescore.
S03 Iran 2018 US withdrawal from JCPOA and re-imposed secondary sanctions,sanctions,4,4,3,1,3,NA,FAIL,H3 fails (provisional): few Iran-hosted or Iranian-parent IJVs expected to be observable in Orbis and Revelio; well below ~30 IJVs. Not ranked. Sample coverage scored from proxies; provisional pending /shock-options rescore.
S04 Russia-Turkey 2015-2017 sanctions incl. ban on employing Turkish nationals (1 Jan 2016 to 10 Jun 2017),sanctions/mobility,4,5,4,1,4,NA,FAIL,H3 fails: single dyad. Clean on/off mobility shock; LinkedIn blocked in Russia mid-episode. Possible case or falsification test. Not ranked. Sample coverage scored from proxies; provisional pending /shock-options rescore.
"S05 China counter-sanctions and blocking regime (UEL rules 2020, Blocking Rules 2021, AFSL 2021, Decrees 834/835 2026)",sanctions,3,2,2,3,4,2.80,PASS,Exposure: China-hosted IJVs with parents from sanctioning states. Layered legal instruments; first blocking order only 2 May 2026; no dyad index; overlaps US-China bundle. Sample coverage scored from proxies; provisional pending /shock-options rescore.
S06 Staggered adoption and tightening of investment screening mechanisms in OECD hosts (PRISM 2007-2021; FIRRMA 2018/2020; EU Reg. 2019/452 from 11 Oct 2020; UK NSIA 4 Jan 2022),investment screening,3,4,4,3,4,3.60,PASS,"Exposure: host x screened sector x non-allied (mainly Chinese) parent. Staggered onsets with not-yet-treated hosts. Screening is mostly ex ante, so treatment intensity for existing IJVs is weak; host-level policy endogeneity to Chinese FDI. Sample coverage scored from proxies; provisional pending /shock-options rescore."
S07 India-China 2020 bundle (Press Note 3 17 Apr 2020; Galwan 15 Jun 2020; app bans; visa restrictions),investment screening/bilateral,4,4,3,2,4,NA,FAIL,H3 fails: one main dyad (India-China); COVID-19 coincides. Candidate for a single-dyad exception if the PI relaxes the dyad screen. Not ranked. Sample coverage scored from proxies; provisional pending /shock-options rescore.
S08 US Outbound Investment Security Program (effective 2 Jan 2025),investment screening,3,4,3,1,5,NA,FAIL,H3 fails: single dyad and no observable post-period in a panel ending 2024/25. Not ranked. Sample coverage scored from proxies; provisional pending /shock-options rescore.
"S09 US Entity List designations of IJV parent firms (staggered, Federal Register dated; e.g., Huawei May 2019, affiliates Aug 2020)",export controls,5,4,4,2,5,4.00,PASS_PROVISIONAL,"Exposure at parent-firm level: IJVs whose parent group is listed, partnered with a non-listed parent. Staggered, day-dated, not-yet-listed controls. Exposed IJV and dyad counts unknown [DATA: match Entity List names to Orbis parents]; hard screen H3 provisional. Sample coverage scored from proxies; provisional pending /shock-options rescore."
"S10 US advanced computing and semiconductor rules (7 Oct 2022, updated Oct 2023), incl. US-persons restriction",export controls,5,4,3,1,5,NA,FAIL,"H3 fails (provisional): one sector, mainly one host (China) with weak Revelio coverage; expected exposed IJVs well below ~30. Recommend folding into S09 as an intensity layer. Not ranked. Sample coverage scored from proxies; provisional pending /shock-options rescore."
S11 Japan-Korea 2019 export controls (licensing from Jul 2019; white-list removal 28 Aug 2019),export controls,3,5,4,2,3,NA,FAIL,H3 fails: single dyad. Not ranked. Sample coverage scored from proxies; provisional pending /shock-options rescore.
S12 China export controls on critical minerals and components (2023-2025; incl. Nexperia China export ban Oct 2025),export controls,2,3,2,1,4,NA,FAIL,H2 fails: not assigned by dyad (destination-neutral licensing); H3 fails: post-period too short. Predictions unclear. Not ranked. Sample coverage scored from proxies; provisional pending /shock-options rescore.
"S13 Brexit: end of UK-EU free movement (1 Jan 2021), with the 23 Jun 2016 referendum as announcement",mobility,5,5,4,5,3,4.40,PASS,"Exposure: UK x EU27/EEA/CH parent dyads (>27). Mobility cost rises most for junior and mid-salary moves (ICT and skilled-worker salary floors), regulatory divergence hits regulatory/legal/customs/finance domains. Risks: anticipation 2016-2020, COVID-19 in 2020-21, UK-wide macro shock, 'geopolitical' framing. Coverage provisional. Sample coverage scored from proxies; provisional pending /shock-options rescore."
S14 US Proclamation 10052 suspending H-1B/L-1 entry (22 Jun 2020 to 31 Mar 2021),mobility,3,4,2,4,3,3.20,PASS,"Exposure: US-hosted IJVs with foreign parents (host-level). Short, COVID-confounded, no dyad variation; intensity only via prior L-1 use. Sample coverage scored from proxies; provisional pending /shock-options rescore."
S15 US DOJ China Initiative (Nov 2018 to Feb 2022),mobility/political,2,4,3,1,3,NA,FAIL,"H2 fails: targeted academic researchers, no firm or IJV exposure rule; H3 fails: single dyad. Not ranked. Sample coverage scored from proxies; provisional pending /shock-options rescore."
S16 Hong Kong National Security Law (in force 30 Jun/1 Jul 2020),political/mobility,3,4,2,3,4,3.20,PASS,Exposure: HK-hosted IJVs (host-level). Political sensitivity and expatriate departures; COVID-19 quarantine concurrent; no dyad variation. Sample coverage scored from proxies; provisional pending /shock-options rescore.
"S17 US 2025 mobility measures (travel ban 4 Jun 2025, expanded 1 Jan 2026; H-1B USD 100,000 fee from 21 Sep 2025)",mobility,3,4,3,1,5,NA,FAIL,H3 fails: no observable post-period in a panel ending 2024/25. Not ranked. Sample coverage scored from proxies; provisional pending /shock-options rescore.
S18 Continuous dyadic political alignment (UNGA ideal-point distance; event-data tone; volatility),bilateral political,3,4,2,5,3,3.40,PASS,"Exposure: every parent-parent and parent-host dyad. Gradual and endogenous to economic ties; direction of domain effects unclear unless a specific contingency is named. Best as moderator or robustness, not focal shock. Sample coverage scored from proxies; provisional pending /shock-options rescore."
"S19 Staggered Chinese coercion episodes against partner states (ASPI 2010-2020; e.g., Japan 2012, Korea THAAD 2017, Canada 2018, Australia 2020, Lithuania 2021)",bilateral political,5,3,4,3,4,3.80,PASS,"Exposure: China-hosted IJVs (or Chinese-parent IJVs) whose foreign parent is from a targeted state; staggered onsets, not-yet-targeted controls. Event coding from a think-tank dataset (ASPI) needs validation; Revelio coverage of China-based staff limited. Coverage provisional. Sample coverage scored from proxies; provisional pending /shock-options rescore."
"S20 Qatar blockade (5 Jun 2017 to 5 Jan 2021), incl. expulsion of nationals",bilateral political,5,5,4,1,4,NA,FAIL,H3 fails: four dyads. Not ranked. Sample coverage scored from proxies; provisional pending /shock-options rescore.
"S21 US-China bundled deterioration from 2018 (tariffs, Entity List, visas, China Initiative)",bilateral political,4,3,2,4,3,NA,FAIL,"H3 fails: single dyad (IJV count may be large). Its components are scored separately (S05, S09, S10, S15, S22, S29). Not ranked. Sample coverage scored from proxies; provisional pending /shock-options rescore."
S22 China data regime (Cybersecurity Law 1 Jun 2017; PIPL 1 Nov 2021; security assessments),data localization,4,3,3,3,4,3.40,PASS,"Exposure: China-hosted IJVs (host-level) x data-intensive functions; within-IJV function contrast. Phased, opaque enforcement; overlaps US-China; Revelio China coverage limited. Sample coverage scored from proxies; provisional pending /shock-options rescore."
S23 Russia personal-data localization law (1 Sep 2015),data localization,3,4,2,1,3,NA,FAIL,"H2 fails: enforcement of this law blocked LinkedIn in Russia (17 Nov 2016), so the shock removes the outcome data source for exposed IJVs. Not ranked. Sample coverage scored from proxies; provisional pending /shock-options rescore."
"S24 Schrems II (CJEU, 16 Jul 2020) invalidating EU-US Privacy Shield",data localization,3,4,3,4,3,3.40,PASS,Exposure: EU/EEA x US parent dyads. Discrete and exogenous; SCCs remained valid so bite may be weak; COVID-19 concurrent. Sample coverage scored from proxies; provisional pending /shock-options rescore.
"S25 China auto JV foreign-ownership cap removal (2018 NEV/special, 2020 commercial, 1 Jan 2022 passenger)",ownership caps,3,4,3,2,3,NA,FAIL,"H3 fails (provisional): one sector, roughly eight partner countries; not geopolitical; changes ownership directly, which conflicts with keeping ownership and parent dominance separable. Not ranked. Sample coverage scored from proxies; provisional pending /shock-options rescore."
"S26 India insurance FDI cap 49 to 74 percent (approved 22 Mar 2021), incl. removal of limits on foreign appointment of CEO and directors",ownership caps,4,4,4,2,3,NA,FAIL,"H3 fails (provisional): one host, one sector, likely fewer than 15 partner countries. Not geopolitical. Clean level-differentiated prediction; possible fallback. Not ranked. Sample coverage scored from proxies; provisional pending /shock-options rescore."
S27 China Foreign Investment Law (1 Jan 2020; JV governance restructuring due by 31 Dec 2024),ownership caps/governance,4,2,2,3,4,3.00,PASS,Exposure: all Sino-foreign EJVs (host-level). Top-level governance only; IJV-specific compliance timing within 2020-2024 is chosen by parents (endogenous). Not geopolitical. Sample coverage scored from proxies; provisional pending /shock-options rescore.
"S28 State takeover and forced-divestment episodes (Russia Decree 302, Apr/Jul 2023; Netherlands Nexperia, Oct 2025)",ownership caps/forced divestment,4,4,2,1,4,NA,FAIL,H3 fails: a handful of firms. Russian cases are part of S02. Not ranked. Sample coverage scored from proxies; provisional pending /shock-options rescore.
"S29 US Section 301 tariffs on China (6 Jul, 23 Aug, 24 Sep 2018; 2019 lists) and Chinese retaliation",tariffs,2,5,3,3,2,NA,FAIL,"H3 fails: single dyad. UNIFORM/UNCLEAR predictions: alters supply-chain and operations contingencies, with no clear differential prediction for staffing across domains. Not ranked. Sample coverage scored from proxies; provisional pending /shock-options rescore."
"S30 US 2025 reciprocal tariffs (EO 14257, 2 Apr 2025)",tariffs,2,4,2,1,3,NA,FAIL,H3 fails: no observable post-period. UNIFORM/UNCLEAR predictions. Not ranked. Sample coverage scored from proxies; provisional pending /shock-options rescore.
