screening_id,zotero_key,item_type,metadata_source,doi,title
CON-S1-01,MWHU9GFA,journalArticle,crossref,10.1016/j.jbusres.2024.114565,An internalization perspective on subsidiaries’ reputation and its impact on subsidiaries’ marketing advantage: The mode
CON-S1-02,AJ4SZ3QT,journalArticle,crossref,10.1002/smj.4250100403,Internal differentiation within multinational corporations
CON-S1-03,RQ6DD3F8,journalArticle,sheet,,of Functions
CON-S1-04,AZ3AMHX2,journalArticle,crossref,10.1016/0969-5931(94)90033-7,Organizing for knowledge flows within MNCs
CON-S1-05,WZ2W8PFG,journalArticle,crossref,10.1016/j.ibusrev.2012.10.001,Network effect and subsidiary autonomy in multinational corporations: An investigation of Taiwanese subsidiaries
CON-S1-06,NZTX3AZ7,journalArticle,sheet,,Integration in the Multinational Corporation : The problem of Subsidiary Embeddedness
CON-S1-08,T69RD6M4,journalArticle,crossref,10.1057/palgrave.jibs.8490818,Configurations of Strategy and Structure in Subsidiaries of Multinational Corporations
CON-S1-09,D7P5XWPU,journalArticle,crossref,10.1177/10596011211060952,Multinational Enterprise Organizational Structures and Subsidiary Role and Capability Development: The Moderating Role o
CON-S1-10,EB3BTJNS,journalArticle,crossref,10.1016/j.ibusrev.2020.101773,Intermediate units in multinational corporations: A resource dependency view on coordinative versus entrepreneurial role
CON-S2-01,XP364SFX,journalArticle,crossref,10.1080/09585192.2024.2320768,Exploring the configuration of international HRM strategies for global integration and local responsiveness in MNEs
CON-S2-04,KX46549B,bookSection,crossref,10.1007/978-3-030-90665-8_4,Balancing Global Synergies and Local Responsiveness
CON-S2-05,VRT67DH3,journalArticle,sheet,,A New Perspective on the Integration-Responsiveness Pressures Confronting Multinational Firms
CON-S2-06,IU3K2H7T,journalArticle,crossref,10.1111/j.2042-5805.2013.01071.x,Local Context and Global Strategy: Extending the Integration Responsiveness Framework to Subsidiary Strategy
CON-S2-07,T6GHCT2C,bookSection,crossref,10.1007/978-3-030-44425-9_7,Global Integration or Local Responsiveness? Insights from the Case of Chinese MNEs in India
CON-S2-09,FBGVIHMZ,bookSection,crossref,10.1093/oso/9780190090883.003.0017,MNCs and Cross-Border Strategic Management
CON-S2-10,JWIBN2WD,journalArticle,crossref,10.1177/1038411107082278.,"Global integration and local responsiveness in multinational subsidiaries: Some strategy, structure, and human resource "
CON-S3-01,P4JDQQP3,journalArticle,crossref,10.1111/1467-6486.00242,Antecedents and Effects of Parent Control in International Joint Ventures
CON-S3-02,DW84ZTPV,journalArticle,crossref,10.1057/palgrave.jibs.8400078,Split management control and international joint venture performance
CON-S3-03,UDSFVGB2,journalArticle,crossref,10.2307/256796,"BARGAINING POWER, MANAGEMENT CONTROL, AND PERFORMANCE IN UNITED STATES-CHINA JOINT VENTURES: A COMPARATIVE CASE STUDY."
CON-S3-04,2H798AB3,journalArticle,crossref,10.1016/j.intman.2013.07.001,A Meta-analysis of Factors Leading to Management Control in International Joint Ventures
CON-S3-05,XQPKWCQZ,journalArticle,crossref,10.1287/orsc.8.3.257,Control and Performance in International Joint Ventures
CON-S3-06,9IUEC3N7,journalArticle,crossref,10.1057/palgrave.jibs.8490937,A Dual Parent Perspective on Control and Performance in International Joint Ventures: Lessons From a Developing Economy
CON-S3-07,T5VD822M,journalArticle,crossref,10.1057/palgrave.jibs.8400121,The influence of parent control structure on parent conflict in Vietnamese international joint ventures: an organization
CON-S3-08,F5UQTQEU,journalArticle,sheet,,Control and Performance in International Joint Ventures. A Model Based on Value Activities
CON-S3-09,GQAP8MUB,thesis,sheet,,Parent Control And Joint Venture Success: The Case Of Mexico
CON-S3-10,RZVX8HJ3,journalArticle,crossref,10.1002/smj.784,Parent contribution and organizational control in international joint ventures
CON-S4-01,4ID6739F,journalArticle,crossref,10.1080/095851900339873,Expatriate staffing in foreign subsidiaries of Japanese multinational corporations in the PRC and the United States
CON-S4-02,PBT7ZJ6A,journalArticle,crossref,10.1111/j.1467-6486.2009.00850.x,"Multinational Firm Knowledge, Use of Expatriates, and Foreign Subsidiary Performance"
CON-S4-03,KBGMTE85,journalArticle,crossref,10.1057/palgrave.jibs.8400135,"The determinants of expatriate staffing by Japanese multinationals in Asia: control, learning and vertical business grou"
CON-S4-04,UUDXK2UH,journalArticle,sheet,,Knowledge Transfer through Expatriation: The U-Curve Approach to Overseas Staffing
CON-S4-05,5P8G9E2D,journalArticle,crossref,10.1016/j.jwb.2023.101460,Improving subsidiary performance via inpatriate assignments: The role of host country national subsidiary CEOs’ social t
CON-S4-06,E2RHTXDV,journalArticle,crossref,10.1016/j.jwb.2018.09.003,"Expatriate utilization, subsidiary knowledge creation and performance: The moderating role of subsidiary strategic conte"
CON-S4-07,QQ66GH9A,journalArticle,crossref,10.1002/hrm.21681,The Bridging Role of Expatriates and Inpatriates in Knowledge Transfer in Multinational Corporations
CON-S4-08,6S2I54CZ,journalArticle,crossref,10.1108/pr-07-2017-0211,Global staffing and control in emerging multinational corporations and their subsidiaries in developed countries: Indian
CON-S4-09,KZIWKGGH,journalArticle,crossref,10.1057/s41267-021-00494-3,How does successive inpatriation contribute to subsidiary capability building and subsidiary evolution? An organizationa
CON-S4-10,T6ISFZ6K,journalArticle,crossref,10.1016/s1090-9516(01)00061-x,"Of bears, bumble-bees, and spiders: the role of expatriates in controlling foreign subsidiaries"
CON-S5-01,ENMFEJRS,journalArticle,crossref,10.1016/j.ibusrev.2026.102590,Caught in the crossfire: Multinational enterprises in the era of geopolitical tensions
CON-S5-03,JRJ96A97,journalArticle,crossref,10.1108/cpoib-12-2025-0289,Sociopolitical shocks and global value chains transformation: insights from manufacturing MNEs operating in Russia
CON-S5-04,EMNMXID5,journalArticle,crossref,10.5465/amproc.2026.385bp,Strategic Divergence and Localized Clustering: MNE Innovation Restructuring Under Political Tension
CON-S5-05,9H87RCJN,journalArticle,crossref,10.1002/smj.3631,Geopolitical volatility and subsidiary investments
CON-S5-06,JMK8HP9M,journalArticle,crossref,10.1108/mbr-06-2025-0204,Geopolitical risk and international business: a multi-disciplinary review and research agenda
CON-S5-07,IH46K4SN,journalArticle,crossref,10.1111/ijmr.12399,How do multinational enterprises respond to geopolitics? A review and research agenda
CON-S5-08,AD7HJGRA,journalArticle,crossref,10.1016/j.jwb.2023.101426,International business under sanctions
CON-S5-09,Z3W2ZJNV,journalArticle,crossref,10.5465/amproc.2025.442bp,Playing Hardball: US Entity List Sanctions and Ownership Strategy of Chinese MNEs
CON-S5-10,P6NKC3ZX,journalArticle,crossref,10.1108/mbr-07-2022-0105,Adjustment strategies for firms affected by international sanctions
CON-S6-01,GGZ839WS,journalArticle,crossref,10.1038/s41467-019-11380-w,Global labor flow network reveals the hierarchical organization and dynamics of geo-industrial clusters
CON-S6-02,8HWVU4DF,journalArticle,crossref,10.1287/isre.2020.0954,Predicting Labor Market Competition: Leveraging Interfirm Network and Employee Skills
CON-S6-03,PA7CMRVE,journalArticle,crossref,10.5465/amproc.2024.14560abstract,"Structure, Personality and Employee Turnover: How Hierarchies Repel and Retain Different Individuals"
CON-S6-04,JPMH5KM5,journalArticle,crossref,10.1515/jbnst-2024-0070,Linked Employer–Employee Data from XING and the Mannheim Enterprise Panel
CON-S6-05,88QXZTG6,report,crossref,10.3386/w31325,Firm Investments in Artificial Intelligence Technologies and Changes in Workforce Composition
CON-S6-06,4PI4P4WJ,journalArticle,crossref,10.1287/stsc.2025.0393,Organizational Diversity Database: An Open Data Set on Firm Racial and Gender Composition
CON-S6-09,9RI8EQ6K,journalArticle,crossref,10.5465/amj.2024.4002,Mobilizing New Sources of Data: Opportunities and Recommendations
CON-S6-10,V54G9EJS,journalArticle,crossref,10.1016/j.chb.2021.106742,Examining the criterion-related validity evidence of LinkedIn profile elements in an applied sample
SEED-01,IKZSRF37,book,sheet,,The Differentiated Network: Organizing Multinational Corporations for Value Creation
SEED-02,AJCDXEJ2,book,sheet,,Managing Across Borders: The Transnational Solution
SEED-03,SSNE7QZC,journalArticle,crossref,10.2307/259062,Multinational Subsidiary Evolution: Capability and Charter Change in Foreign-Owned Subsidiary Companies
SEED-04,UW2MQRIP,journalArticle,crossref,10.2307/3069293,ADOPTION OF AN ORGANIZATIONAL PRACTICE BY SUBSIDIARIES OF MULTINATIONAL CORPORATIONS: INSTITUTIONAL AND RELATIONAL EFFEC
SEED-05,A8TZXATM,book,sheet,,The Multinational Mission: Balancing Local Demands and Global Vision
SEED-06,E9NIE5FT,journalArticle,crossref,10.1002/smj.4250120911,Managing DMNCs: A search for a new paradigm
SEED-07,HNSA8V6J,journalArticle,crossref,10.1057/palgrave.jibs.8490341,An Empirical Analysis of the Integration-Responsiveness Framework in Global Industries
SEED-08,6MCT8UKD,book,sheet,,Organization and Environment: Managing Differentiation and Integration
SEED-09,3SV6W87U,journalArticle,crossref,10.1057/palgrave.jibs.8400164,Dual paths to performance: the impact of global pressures on MNC subsidiary conduct and performance
SEED-10,7FMHGKUS,book,sheet,,Strategies for Joint Venture Success
SEED-11,8WT9UWV4,journalArticle,crossref,10.1057/palgrave.jibs.8490359,Control and Performance of International Joint Ventures
SEED-12,PSWKH2H5,journalArticle,crossref,10.2307/2391959,Transfer of Managers as a Coordination and Control Strategy in Multinational Organizations
SEED-13,JFNH8JXV,journalArticle,sheet,,"Subsidiary Staffing in Multinational Enterprises: Agency, Resources, and Performance"
SEED-14,DZP5SF6I,journalArticle,crossref,10.1177/0149206307302551,"Institutional Environments, Staffing Strategies, and Subsidiary Performance"
SEED-15,SIC2SDFU,journalArticle,crossref,10.1057/palgrave.jibs.8490155,Knowledge Acquisition from Foreign Parents in International Joint Ventures: An Empirical Examination in the Hungarian Co
SEED-16,II8Q3D2U,journalArticle,crossref,10.2307/259228,"Knowledge, Bargaining Power, and the Instability of International Joint Ventures"
SEED-17,WGF4M2CD,journalArticle,crossref,10.1057/s41267-019-00219-7,"De-globalization: Theories, predictions, and opportunities for international business research"
SEED-18,HR22T77W,journalArticle,crossref,10.1016/j.jwb.2022.101399,"Decoupling in international business: Evidence, drivers, impact, and implications for IB research"
SEED-19,MME5FVKE,journalArticle,sheet,,The MNE and its subsidiaries at times of global disruptions: An international relations perspective
SEED-20,R4GVBQQX,journalArticle,crossref,10.1057/s41267-019-00269-x,"The structural reshaping of globalization: Implications for strategic sectors, profiting from innovation, and the multin"
SEED-21,Z68UC5ED,journalArticle,crossref,10.1093/jleo/16.2.334,The institutional environment for multinational investment
SEED-22,2HPPVPN5,journalArticle,crossref,10.1057/s41267-017-0098-4,Diplomatic and corporate networks: Bridges to foreign locations
CC-S1-01,25V6SJ84,journalArticle,crossref,10.1002/smj.4250150606,Differentiated fit and shared values: Alternatives for managing headquarters‐subsidiary relations
CC-S1-02,4AIGS3ZI,journalArticle,crossref,10.2307/258684,The Multinational Corporation as an Interorganizational Network
CC-S1-05,PGN2FG2Q,bookSection,crossref,10.1007/978-1-349-26467-4_7,A Typology of Centres Within Multinational Corporations: An Empirical Investigation
CC-S1-08,KQUJBDGW,book,sheet,,Organization Theory and the Multinational Corporation
CC-S1-09,IMZMEXQ6,journalArticle,crossref,10.1057/palgrave.jibs.8490388,"Creation, Adoption and Diffusion of Innovations by Subsidiaries of Multinational Corporations"
CC-S1-10,3APPWAA7,journalArticle,sheet,,Horses for Courses: Organizational Forms for Multinational Corporations
CC-S1-12,5J2TCKFR,journalArticle,crossref,10.1002/(sici)1097-0266(199803)19:3<221::aid-smj948>3.0.co;2-p,Building firm-specific advantages in multinational corporations: the role of subsidiary initiative
CC-S1-14,KSPCJSEW,bookSection,crossref,10.1093/oxfordhb/9780199234257.003.0014,Strategy and Management In MNE Subsidiaries
CC-S1-16,CHMN62P9,journalArticle,crossref,10.1177/0149206308316062,Managing Power in the Multinational Corporation: How Low-Power Actors Gain Influence
CC-S1-17,35EG9AVG,journalArticle,crossref,10.1016/j.ibusrev.2004.04.010,"Subsidiary entrepreneurship, internal and external competitive forces, and subsidiary performance"
CC-S1-19,DM4CTNIE,journalArticle,sheet,,Corporate entrepreneurship in network organizations: How subsidiary initiative drives internal market efficiency
CC-S1-20,NAUSJNEE,journalArticle,crossref,10.1057/palgrave.jibs.8490845,How Multinational Subsidiary Mandates are Gained and Lost
CC-S2-02,MER2WVJM,journalArticle,crossref,10.1057/palgrave.jibs.8490307,Global Strategy Implementation at the Business Unit Level: Operational Capabilities and Administrative Mechanisms
CC-S2-04,F8AU9QG2,journalArticle,crossref,10.1057/palgrave.jibs.8490482,Patterns of Strategic Control Within Multinational Corporations
CC-S2-05,49E3HS6U,bookSection,crossref,10.4324/9781315199689-16,An Approach to Strategic Control in MNCs
CC-S2-07,GF77XXJB,journalArticle,crossref,10.2307/41172603,Global Competitive Pressures and Host Country Demands Managing Tensions in MNCs
CC-S2-09,8V3G25M2,bookSection,crossref,10.4324/9781315199689-24,"Control, change, and flexibility: the dilemma of transnational collaboration"
CC-S2-10,CICN2KGP,journalArticle,sheet,,How MNCs cope with host-government intervention
CC-S3-01,KS6Q5B24,journalArticle,crossref,10.1016/j.ibusrev.2019.101591,"Control, innovation and international joint venture performance: The moderating role of internal and external environmen"
CC-S3-03,NWS3NVNJ,journalArticle,sheet,,Parent Control Dynamics and International Joint Venture Performance
CC-S3-04,5VCMDEXP,journalArticle,sheet,,"Foreign Parent Firm Contributions, Experiences, and International Joint Venture Control and Performance"
CC-S3-06,4BZN688X,bookSection,crossref,10.1007/978-3-7908-2058-4_18,Governing for Success: The Host Country Uncertainty and the Design of Foreign Parent Control in International Joint Vent
CC-S3-08,SEU9JU2A,journalArticle,crossref,10.1061/(asce)me.1943-5479.0000665,Management Control in International Joint Ventures in the Infrastructure Sector
CC-S3-09,K8NEN9IT,journalArticle,crossref,10.1504/ijsba.2009.515647,Foreign parent control mechanisms and international joint venture performance
CC-S3-10,8KC37NG9,journalArticle,crossref,10.1016/s1075-4253(01)00049-7,Negotiating control and achieving performance in international joint ventures: A conceptual model
CC-S3-16,RM2XMUC2,journalArticle,sheet,,"Interpartner, Parent, and Environmental Factors Influencing the Operation of International Joint Ventures: 15 Years of R"
CC-S3-19,KKHXPMW6,journalArticle,crossref,10.1177/1069031x9300100203,The Characteristics of Joint Ventures in the People's Republic of China
CC-S3-20,4W4DC8XQ,journalArticle,crossref,10.1287/orsc.1090.0489,The Trap of Continual Ownership Change in International Equity Joint Ventures
CC-S4-01,9CQ4TDZJ,journalArticle,crossref,10.1002/hrm.1004,Who's in Charge? An Empirical Study of Executive Staffing Practices in Foreign Subsidiaries
CC-S4-03,ZVF3SZ2T,journalArticle,crossref,10.1002/hrm.21947,"Subsidiary staffing, cultural friction, and subsidiary performance: Evidence from Korean subsidiaries in 63 countries"
CC-S4-04,9X7W8HE8,journalArticle,crossref,10.1177/01708406211006247,Cultures and Institutions: Dispositional and contextual explanations for country-of-origin effects in MNC ‘ethnocentric’
CC-S4-05,FAR2F3NV,journalArticle,crossref,10.1002/tie.20035,An empirical study of executive nationality staffing practices in foreign‐owned MNC subsidiaries in Ireland
CC-S4-06,39IUDVZ6,journalArticle,crossref,10.1002/hrm.20181,"Country‐of‐origin, localization, or dominance effect? An empirical investigation of HRM practices in foreign subsidiarie"
CC-S4-07,JNJRZRDG,journalArticle,sheet,,Global staffing
CC-S4-08,K369ZI68,journalArticle,crossref,10.1057/s41267-021-00498-z,"Societal trust, formal institutions, and foreign subsidiary staffing"
CC-S5-05,XUFD6BUM,journalArticle,crossref,10.1057/s41267-021-00423-4,Springboard MNEs under de-globalization
CC-S5-08,NHPERIWH,journalArticle,crossref,10.1017/mor.2021.9,De-globalization and Decoupling: Game Changing Consequences?
CC-S5-09,ZK9N7IWP,journalArticle,crossref,10.1002/gsj.1462,A wider‐aperture lens for global strategic management: The multinational enterprise in a bifurcated global economy
CC-S6-05,HSI42DI8,journalArticle,crossref,10.1002/smj.70020,Are less hierarchical firms organized around stronger cultures? Evidence from big data
